5.26578495422801,-0.181419695522818,0.0176248384499877
5.32802853407403,-0.181262476972272,0.0159669657189501
5.39022332256033,-0.180812506637952,0.0143090929879125
5.45236463130978,-0.180102312495831,0.0126512202568749
5.51444777194525,-0.179164422521886,0.0109933475258373
5.57646805608961,-0.178031364692091,0.00933547479479966
5.63842079536574,-0.176735666982421,0.00767760206376206
5.70030130139652,-0.175309857368851,0.00601972933272446
5.76210488580481,-0.173786463827356,0.00436185660168686
5.82382686021349,-0.172198014333911,0.00270398387064926
5.88546253624543,-0.170577036864491,0.00104611113961165
5.9470072255235,-0.168956059395071,-0.000611761591425945
6.00845623967058,-0.167367609901626,-0.00226963432246355
6.06980489030954,-0.165844216360131,-0.00392750705350115
6.13104848906326,-0.164418406746561,-0.00558537978453875
6.1921823475546,-0.163122709036891,-0.00724325251557635
6.25320177740644,-0.161989651207096,-0.00890112524661395
6.31410209024165,-0.16105176123315,-0.0105589979776515
6.37487859768311,-0.16034156709103,-0.0122168707086892
6.43552661135369,-0.159891596756709,-0.0138747434397267
6.49604144287626,-0.159734378206164,-0.0138747434397267
6.55642997400855,-0.159853922958972,-0.00641669770333919
6.61670361326361,-0.160196068285975,0.00104134803304836
6.67686446239737,-0.160736080790041,0.00849939376943592
6.73691462316571,-0.161449227074036,0.0159574395058235
6.79685619732454,-0.162310773740827,0.023415485242211
6.85669128662976,-0.163295987393283,0.0308735309785986
6.91642199283726,-0.164380134634269,0.0383315767149862
6.97605041770296,-0.165538482066654,0.0457896224513737
7.03557866298274,-0.166746296293305,0.0532476681877613
7.09500883043252,-0.167978843917088,0.0607057139241488
7.1543430218082,-0.169211391540871,0.0681637596605364
7.21358333886566,-0.170419205767522,0.0756218053969239
7.27273188336082,-0.171577553199906,0.0830798511333115
7.33179075704957,-0.172661700440893,0.0905378968696991
7.39076206168783,-0.173646914093348,0.0979959426060866
7.44964789903147,-0.17450846076014,0.105453988342474
7.50845037083642,-0.175221607044135,0.112912034078862
7.56717157885857,-0.175761619548201,0.120370079815249
7.62581362485381,-0.176103764875204,0.127828125551637
7.68437861057806,-0.176223309628012,0.127828125551637
7.74363771744369,-0.175761378192498,0.174281475995539
7.8041975418556,-0.174394817291022,0.220734826439442
7.86581330805847,-0.172152477031188,0.267188176883344
7.928240240297,-0.169063207520598,0.313641527327246
7.99123356281587,-0.165155858866853,0.360094877771148
8.05454849985976,-0.160459281177556,0.406548228215051
8.11794027567336,-0.155002324560309,0.453001578658953
8.18116411450135,-0.148813839122715,0.499454929102855
8.24397524058842,-0.141922674972375,0.545908279546758
8.30612887817926,-0.134357682216893,0.59236162999066
8.36738025151853,-0.126147710963869,0.638814980434563
8.42748458485095,-0.117321611320906,0.685268330878465
8.48619710242117,-0.107908233395607,0.731721681322367
8.5432730284739,-0.0979364272955742,0.77817503176627
8.59846758725382,-0.0874350431284089,0.824628382210172
8.65153600300561,-0.0764329310017137,0.871081732654074
8.70223349997395,-0.0649589410230909,0.917535083097976
8.75031530240354,-0.0530419233001427,0.963988433541879
8.79553663453905,-0.0407107279404713,1.01044178398578
8.83765272062518,-0.0279942050516791,1.01044178398578
8.87784904956851,-0.0117725459891366,1.02930112755585
8.91743658535036,0.0107813567600416,1.04816047112593
8.9563587648275,0.039199601390637,1.067019814696
8.99455902485671,0.0730142860974309,1.08587915826607
9.03198080229473,0.111757509075205,1.10473850183615
9.06856753399835,0.154961368518739,1.12359784540622
9.10426265682432,0.202157962622817,1.14245718897629
9.13900960762942,0.252879389582218,1.16131653254636
9.17275182327042,0.306657747591725,1.18017587611644
9.20543274060407,0.363025134846118,1.19903521968651
9.23699579648715,0.421513649540179,1.21789456325658
9.26738442777642,0.48165538986869,1.23675390682665
9.29654207132866,0.54298245402643,1.25561325039673
9.32441216400063,0.605026940208183,1.2744725939668
9.35093814264908,0.66732094660873,1.29333193753687
9.37606344413081,0.729396571422851,1.31219128110695
9.39973150530256,0.790785912845329,1.33105062467702
9.42188576302111,0.851021069070944,1.34990996824709
9.44246965414323,0.909634138294477,1.36876931181716
9.46142661552567,0.966157218710711,1.36876931181716
9.47948870505069,1.02215803050671,1.37791783978469
9.49738253562578,1.07944749718287,1.38706636775222
9.51504337664561,1.13792252190395,1.39621489571975
9.53240649750483,1.19748000783469,1.40536342368728
9.5494071675981,1.25801685813987,1.4145119516548
9.56598065632009,1.31942997598424,1.42366047962233
9.58206223306544,1.38161626453257,1.43280900758986
9.59758716722883,1.4444726269496,1.44195753555739
9.61249072820491,1.50789596640009,1.45110606352492
9.62670818538833,1.57178318604882,1.46025459149244
9.64017480817377,1.63603118906053,1.46940311945997
9.65282586595587,1.70053687859998,1.4785516474275
9.66459662812931,1.76519715783194,1.48770017539503
9.67542236408873,1.82990892992116,1.49684870336256
9.68523834322879,1.8945690980324,1.50599723133008
9.69397983494416,1.95907456533042,1.51514575929761
9.7015821086295,2.02332223497998,1.52429428726514
9.70798043367946,2.08720901014584,1.53344281523267
9.71311007948871,2.15063179399275,1.5425913432002
9.7169063154519,2.21348748968548,1.5425913432002
9.71996777863445,2.27601965779208,1.54597244158851
9.72293195530554,2.33854358561669,1.54935353997683
9.72579238866551,2.40106376642821,1.55273463836514
9.72854262191465,2.46358469349554,1.55611573675346
9.7311761982533,2.52611086008757,1.55949683514177
9.73368666088176,2.5886467594732,1.56287793353009
9.73606755300037,2.65119688492132,1.5662590319184
9.73831241780944,2.71376572970083,1.56964013030672
9.74041479850928,2.77635778708063,1.57302122869504
9.74236823830022,2.83897755032962,1.57640232708335
9.74416628038257,2.90162951271668,1.57978342547167
9.74580246795666,2.96431816751072,1.58316452385998
9.74727034422279,3.02704800798062,1.5865456222483
9.7485634523813,3.0898235273953,1.58992672063661
9.7496753356325,3.15264921902364,1.59330781902493
9.7505995371767,3.21552957613454,1.59668891741324
9.75132960021423,3.27846909199689,1.60007001580156
9.7518590679454,3.3414722598796,1.60345111418988
9.75218148357054,3.40454357305155,1.60683221257819
9.75229039028996,3.46768752478165,1.60683221257819
9.75199104387366,3.53106963219922,1.60531608615306
9.75113186636711,3.59481528161548,1.60379995972792
9.74977115038378,3.65886877007213,1.60228383330279
9.74796718853719,3.72317439461087,1.60076770687765
9.74577827344081,3.78767645227339,1.59925158045252
9.74326269770815,3.85231924010141,1.59773545402738
9.74047875395271,3.91704705513661,1.59621932760225
9.73748473478797,3.98180419442072,1.59470320117712
9.73433893282744,4.04653495499541,1.59318707475198
9.7310996406846,4.11118363390241,1.59167094832685
9.72782515097296,4.1756945281834,1.59015482190171
9.724573756306,4.2400119348801,1.58863869547658
9.72140374929722,4.30408015103419,1.58712256905144
9.71837342256012,4.36784347368739,1.58560644262631
9.71554106870819,4.43124619988139,1.58409031620118
9.71296498035493,4.49423262665791,1.58257418977604
9.71070345011383,4.55674705105863,1.58105806335091
9.70881477059838,4.61873377012525,1.57954193692577
9.70735723442209,4.68013708089949,1.57802581050064
9.70638913419844,4.74090128042305,1.57802581050064
9.70569353673127,4.80097914856304,1.57545390588756
9.70501592223728,4.86040315164109,1.57288200127448
9.70435820344934,4.91923711638066,1.57031009666141
9.70372229310029,4.97754486950522,1.56773819204833
9.70311010392297,5.03539023773822,1.56516628743525
9.70252354865023,5.09283704780312,1.56259438282218
9.70196454001491,5.14994912642338,1.5600224782091
9.70143499074987,5.20679030032246,1.55745057359602
9.70093681358794,5.26342439622382,1.55487866898294
9.70047192126198,5.31991524085092,1.55230676436987
9.70004222650482,5.37632666092721,1.54973485975679
9.69964964204931,5.43272248317617,1.54716295514371
9.69929608062831,5.48916653432123,1.54459105053064
9.69898345497465,5.54572264108588,1.54201914591756
9.69871367782118,5.60245463019356,1.53944724130448
9.69848866190075,5.65942632836773,1.5368753366914
9.6983103199462,5.71670156233186,1.53430343207833
9.69818056469038,5.7743441588094,1.53173152746525
9.69810130886613,5.83241794452381,1.52915962285217
9.69807446520631,5.89098674619855,1.52915962285217
9.6984383287257,5.95024641140936,1.55841374241994
9.69947973121224,6.01027607878404,1.5876678619877
9.70112339055848,6.07096451162419,1.61692198155547
9.70329402465693,6.13220047323142,1.64617610112324
9.70591635140015,6.1938727269073,1.675430220691
9.70891508868068,6.25587003595344,1.70468434025877
9.71221495439105,6.31808116367143,1.73393845982653
9.71574066642381,6.38039487336287,1.7631925793943
9.71941694267148,6.44269992832935,1.79244669896207
9.72316850102662,6.50488509187247,1.82170081852983
9.72692005938175,6.56683912729382,1.8509549380976
9.73059633562943,6.62845079789499,1.88020905766536
9.73412204766218,6.68960886697759,1.90946317723313
9.73742191337255,6.7502020978432,1.93871729680089
9.74042065065308,6.81011925379342,1.96797141636866
9.7430429773963,6.86924909812985,1.99722553593643
9.74521361149476,6.92748039415408,2.02647965550419
9.74685727084099,6.9847019051677,2.05573377507196
9.74789867332753,7.04080239447231,2.08498789463972
9.74826253684693,7.09567062536951,2.08498789463972
9.74598319905727,7.15024338636811,2.11955925616858
9.73933196819657,7.2054044633313,2.15413061769743
9.72858901802725,7.26096311559218,2.18870197922628
9.71403452231173,7.31672860248388,2.22327334075514
9.69594865481242,7.37251018333952,2.25784470228399
9.67461158929176,7.42811711749222,2.29241606381285
9.65030349951215,7.4833586642751,2.3269874253417
9.62330455923602,7.53804408302127,2.36155878687055
9.59389494222578,7.59198263306386,2.39613014839941
9.56235482224386,7.64498357373599,2.43070150992826
9.52896437305267,7.69685616437078,2.46527287145711
9.49400376841464,7.74740966430134,2.49984423298597
9.45775318209217,7.7964533328608,2.53441559451482
9.4204927878477,7.84379642938228,2.56898695604367
9.38250275944364,7.88924821319889,2.60355831757253
9.34406327064241,7.93261794364376,2.63812967910138
9.30545449520643,7.97371488005001,2.67270104063023
9.26695660689811,8.01234828175075,2.70727240215909
9.22884977947989,8.04832740807911,2.74184376368794
9.19141418671417,8.0814615183682,2.74184376368794
9.15279999031958,8.11300110113218,2.7585344492891
9.11111789152639,8.14425882721925,2.77522513489025
9.06658887336451,8.17513722946363,2.79191582049141
9.01943391886388,8.20553884069951,2.80860650609256
8.96987401105439,8.23536619376109,2.82529719169372
8.91813013296596,8.26452182148259,2.84198787729488
8.86442326762851,8.29290825669819,2.85867856289603
8.80897439807196,8.32042803224211,2.87536924849719
8.75200450732621,8.34698368094855,2.89205993409834
8.69373457842119,8.37247773565171,2.9087506196995
8.6343855943868,8.39681272918579,2.92544130530066
8.57417853825296,8.419891194385,2.94213199090181
8.5133343930496,8.44161566408354,2.95882267650297
8.45207414180661,8.46188867111561,2.97551336210412
8.39061876755392,8.48061274831542,2.99220404770528
8.32918925332144,8.49769042851717,3.00889473330644
8.26800658213909,8.51302424455506,3.02558541890759
8.20729173703678,8.5265167292633,3.04227610450875
8.14726570104442,8.53807041547609,3.0589667901099
8.08814945719194,8.54758783602762,3.0589667901099
8.02918436747551,8.55595841001299,3.06312295302755
7.96950310659116,8.56412212131137,3.06727911594519
7.90916362661852,8.57205734993313,3.07143527886284
7.84822387963724,8.57974247588863,3.07559144178049
7.78674181772697,8.58715587918825,3.07974760469813
7.72477539296734,8.59427593984235,3.08390376761578
7.662382557438,8.6010810378613,3.08805993053342
7.5996212632186,8.60754955325546,3.09221609345107
7.53654946238877,8.6136598660352,3.09637225636871
7.47322510702817,8.6193903562109,3.10052841928636
7.40970614921644,8.62471940379291,3.104684582204
7.34605054103321,8.6296253887916,3.10884074512165
7.28231623455814,8.63408669121734,3.11299690803929
7.21856118187088,8.6380816910805,3.11715307095694
7.15484333505105,8.64158876839145,3.12130923387458
7.09122064617831,8.64458630316055,3.12546539679223
7.0277510673323,8.64705267539816,3.12962155970987
6.96449255059267,8.64896626511466,3.13377772262752
6.90150304803906,8.65030545232042,3.13793388554516
6.83884051175111,8.65104861702579,3.13793388554516
6.77636353881408,8.65147701857213,3.13817846546144
6.71389135946477,8.65188613605147,3.13842304537771
6.65142287551014,8.65227567910019,3.13866762529399
6.58895698875716,8.65264535735465,3.13891220521026
6.52649260101279,8.65299488045124,3.13915678512654
6.464028614084,8.65332395802635,3.13940136504281
6.40156392977775,8.65363229971634,3.13964594495909
6.33909744990101,8.6539196151576,3.13989052487536
6.27662807626074,8.6541856139865,3.14013510479164
6.2141547106639,8.65443000583942,3.14037968470791
6.15167625491747,8.65465250035275,3.14062426462419
6.08919161082839,8.65485280716285,3.14086884454046
6.02669968020365,8.65503063590612,3.14111342445674
5.9641993648502,8.65518569621892,3.14135800437301
5.90168956657501,8.65531769773763,-3.1415827228903
5.83916918718504,8.65542635009864,-3.14133814297403
5.77663712848726,8.65551136293833,-3.14109356305775
5.71409229228863,8.65557244589306,-3.14084898314148
5.65153358039612,8.65560930859922,-3.1406044032252
5.58895989461668,8.65562166069319,-3.1406044032252
5.52638099374173,8.65561805267627,-3.14011409669289
5.463805889622,8.65560733628202,-3.13962379016057
5.40123236365348,8.65558967299518,-3.13913348362826
5.33865819723214,8.65556522430049,-3.13864317709595
5.27608117175399,8.65553415168272,-3.13815287056363
5.213499068615,8.6554966166266,-3.13766256403132
5.15090966921115,8.65545278061689,-3.13717225749901
5.08831075493844,8.65540280513833,-3.13668195096669
5.02570010719284,8.65534685167567,-3.13619164443438
4.96307550737034,8.65528508171367,-3.13570133790207
4.90043473686692,8.65521765673706,-3.13521103136975
4.83777557707858,8.6551447382306,-3.13472072483744
4.77509580940128,8.65506648767904,-3.13423041830513
4.71239321523103,8.65498306656712,-3.13374011177281
4.6496655759638,8.65489463637959,-3.1332498052405
4.58691067299557,8.6548013586012,-3.13275949870819
4.52412628772234,8.65470339471671,-3.13226919217587
4.46131020154008,8.65460090621085,-3.13177888564356
4.39846019584478,8.65449405456838,-3.13128857911124
4.33557405203243,8.65438300127404,-3.13128857911124
4.27263882329816,8.654186584455,-3.13285872019064
4.20964691650922,8.6538354165177,-3.13442886127004
4.1466041435698,8.65334732036579,-3.13599900234944
4.08351631638406,8.65274011890291,-3.13756914342884
4.02038924685619,8.65203163503272,-3.13913928450824
3.95722874689036,8.65123969165887,-3.14070942558764
3.89404062839075,8.65038211168502,3.14090574051254
3.83083070326153,8.64947671801481,3.13933559943314
3.76760478340689,8.6485413335519,3.13776545835374
3.70436868073099,8.64759378119994,3.13619531727434
3.64112820713801,8.64665188386258,3.13462517619495
3.57788917453213,8.64573346444347,3.13305503511555
3.51465739481752,8.64485634584627,3.13148489403615
3.45143867989836,8.64403835097462,3.12991475295675
3.38823884167883,8.64329730273218,3.12834461187735
3.32506369206311,8.6426510240226,3.12677447079795
3.26191904295536,8.64211733774954,3.12520432971855
3.19881070625976,8.64171406681664,3.12363418863915
3.1357444938805,8.64145903412755,3.12206404755975
3.07272621772174,8.64137006258593,3.12206404755975
3.00967699410926,8.64154803463069,3.12309897340783
2.94652760547227,8.64205740289673,3.12413389925591
2.88329836287009,8.64286134558167,3.12516882510399
2.82000957736207,8.64392304088316,3.12620375095207
2.75668156000755,8.64520566699884,3.12723867680015
2.69333462186586,8.64667240212633,3.12827360264824
2.62998907399634,8.64828642446328,3.12930852849632
2.56666522745833,8.65001091220733,3.1303434543444
2.50338339331116,8.6518090435561,3.13137838019248
2.44016388261417,8.65364399670723,3.13241330604056
2.37702700642669,8.65547894985837,3.13344823188864
2.31399307580807,8.65727708120714,3.13448315773672
2.25108240181765,8.65900156895118,3.1355180835848
2.18831529551475,8.66061559128813,3.13655300943289
2.12571206795871,8.66208232641563,3.13758793528097
2.06329303020888,8.6633649525313,3.13862286112905
2.00107849332459,8.66442664783279,3.13965778697713
1.93908876836517,8.66523059051774,3.14069271282521
1.87734416638997,8.66573995878377,-3.14145766850629
1.81586499845831,8.66591793082853,-3.14145766850629
1.75478017274091,8.66591751190374,-3.14112658677464
1.69416648864033,8.66591625820312,-3.14079550504298
1.63396609406374,8.66591417433727,-3.14046442331132
1.57412113691828,8.6659112649168,-3.14013334157967
1.51457376511111,8.66590753455231,-3.13980225984801
1.45526612654939,8.6659029878544,-3.13947117811635
1.39614036914027,8.6658976294337,-3.1391400963847
1.3371386407909,8.6658914639008,-3.13880901465304
1.27820308940844,8.66588449586631,-3.13847793292138
1.21927586290005,8.66587672994084,-3.13814685118973
1.16029910917287,8.66586817073498,-3.13781576945807
1.10121497613407,8.66585882285936,-3.13748468772642
1.0419656116908,8.66584869092457,-3.13715360599476
0.982493163750201,8.66583777954123,-3.1368225242631
0.922739780219444,8.66582609331993,-3.13649144253145
0.862647609005678,8.66581363687129,-3.13616036079979
0.802158798016057,8.66580041480591,-3.13582927906813
0.741215495157737,8.66578643173441,-3.13549819733648
0.679759848337871,8.66577169226737,-3.13516711560482
0.617734005463614,8.66575620101542,-3.13516711560482
0.555135258533284,8.66570932779075,-3.13468940646466
0.492028334804344,8.66560274059817,-3.13421169732451
0.428456535072662,8.6654398913372,-3.13373398818435
0.36446316013411,8.66522423190735,-3.13325627904419
0.300091510784557,8.66495921420814,-3.13277856990403
0.235384887819873,8.66464829013908,-3.13230086076388
0.17038659203593,8.66429491159969,-3.13182315162372
0.105139924228596,8.66390253048948,-3.13134544248356
0.0396881851937415,8.66347459870797,-3.13086773334341
-0.0259253242727625,8.66301456815467,-3.13039002420325
-0.0916573033750464,8.66252589072909,-3.12991231506309
-0.157464451317236,8.66201201833076,-3.12943460592293
-0.223303467303469,8.66147640285918,-3.12895689678278
-0.289131050537872,8.66092249621388,-3.12847918764262
-0.354903900224574,8.66035375029437,-3.12800147850246
-0.420578715567705,8.65977361700015,-3.12752376936231
-0.486112195771394,8.65918554823075,-3.12704606022215
-0.551461040039773,8.65859299588569,-3.12656835108199
-0.616581947576971,8.65799941186446,-3.12609064194183
-0.681431617587117,8.65740824806661,-3.12609064194183
-0.746103443698759,8.65673198725349,-3.12766759351447
-0.810722836411854,8.65589490441484,-3.12924454508711
-0.875294520237644,8.65491813979267,-3.13082149665975
-0.939823219687373,8.65382283362901,-3.13239844823239
-1.00431365927228,8.65263012616588,-3.13397539980503
-1.06877056350362,8.65136115764529,-3.13555235137766
-1.13319865689263,8.65003706830927,-3.1371293029503
-1.19760266395054,8.64867899839983,-3.13870625452294
-1.26198730918862,8.64730808815901,-3.14028320609558
-1.32635731711809,8.64594547782881,3.14132514951137
-1.3907174122502,8.64461230765127,3.13974819793873
-1.4550723190962,8.64332971786839,3.1381712463661
-1.51942676216732,8.64211884872221,3.13659429479346
-1.58378546597482,8.64100084045474,3.13501734322082
-1.64815315502994,8.63999683330801,3.13344039164818
-1.71253455384391,8.63912796752403,3.13186344007554
-1.77693438692798,8.63841538334482,3.13028648850291
-1.8413573787934,8.63788022101241,3.12870953693027
-1.9058082539514,8.63754362076881,3.12713258535763
-1.97029173691324,8.63742672285605,3.12713258535763
-2.03478839390014,8.6375482712032,3.12775405444307
-2.09927724730966,8.63789715453492,3.12837552352851
-2.16376070591752,8.63844973028665,3.12899699261396
-2.22824117849945,8.63918235589382,3.1296184616994
-2.29272107383117,8.64007138879183,3.13023993078484
-2.35720280068841,8.64109318641613,3.13086139987028
-2.42168876784689,8.64222410620214,3.13148286895573
-2.48618138408234,8.64344050558529,3.13210433804117
-2.55068305817048,8.64471874200099,3.13272580712661
-2.61519619888703,8.64603517288469,3.13334727621205
-2.67972321500773,8.6473661556718,3.1339687452975
-2.74426651530829,8.64868804779774,3.13459021438294
-2.80882850856443,8.64997720669796,3.13521168346838
-2.8734116035519,8.65120998980786,3.13583315255382
-2.9380182090464,8.65236275456289,3.13645462163927
-3.00265073382366,8.65341185839845,3.13707609072471
-3.06731158665942,8.65433365874999,3.13769755981015
-3.13200317632938,8.65510451305293,3.13831902889559
-3.19672791160928,8.65570077874268,3.13894049798103
-3.26148820127485,8.65609881325469,3.13894049798103
-3.32635277308677,8.65637169480107,3.13773667788405
-3.39137302787607,8.65661083679122,3.13653285778706
-3.45652538402396,8.65682009945647,3.13532903769008
-3.52178625991166,8.65700334302817,3.13412521759309
-3.58713207392039,8.65716442773763,3.13292139749611
-3.65253924443136,8.65730721381619,3.13171757739912
-3.71798418982578,8.6574355614952,3.13051375730213
-3.78344332848488,8.65755333100598,3.12930993720515
-3.84889307878986,8.65766438257987,3.12810611710816
-3.91430985912195,8.65777257644819,3.12690229701118
-3.97967008786236,8.65788177284229,3.12569847691419
-4.0449501833923,8.6579958319935,3.1244946568172
-4.11012656409299,8.65811861413315,3.12329083672022
-4.17517564834565,8.65825397949258,3.12208701662323
-4.24007385453149,8.65840578830312,3.12088319652625
-4.30479760103173,8.6585779007961,3.11967937642926
-4.36932330622757,8.65877417720287,3.11847555633228
-4.43362738850025,8.65899847775474,3.11727173623529
-4.49768626623098,8.65925466268306,3.1160679161383
-4.56147635780096,8.65954659221916,3.1160679161383
-4.62500756554751,8.66005816749151,3.11987817998256
-4.68831641917309,8.66094199008541,3.12368844382681
-4.75141927810668,8.66215497091745,3.12749870767107
-4.81433250177727,8.66365402090421,3.13130897151532
-4.87707244961383,8.66539605096228,3.13511923535957
-4.93965548104535,8.66733797200823,3.13892949920383
-5.00209795550081,8.66943669495866,-3.1404455441315
-5.06441623240918,8.67164913073015,-3.13663528028725
-5.12662667119946,8.67393219023929,-3.132825016443
-5.18874563130061,8.67624278440265,-3.12901475259874
-5.25078947214161,8.67853782413682,-3.12520448875449
-5.31277455315146,8.68077422035839,-3.12139422491023
-5.37471723375913,8.68290888398394,-3.11758396106598
-5.43663387339359,8.68489872593005,-3.11377369722172
-5.49854083148384,8.68670065711331,-3.10996343337747
-5.56045446745884,8.68827158845031,-3.10615316953322
-5.62239114074759,8.68956843085762,-3.10234290568896
-5.68436721077906,8.69054809525183,-3.09853264184471
-5.74639903698223,8.69116749254953,-3.09472237800045
-5.80850297878609,8.6913835336673,-3.09472237800045
-5.87060301561987,8.69096226281275,-3.09842221249719
-5.93261962899605,8.68975655657385,-3.10212204699394
-5.9945639314684,8.68785357443777,-3.10582188149068
-6.05644703559073,8.68534047589164,-3.10952171598742
-6.11828005391683,8.68230442042262,-3.11322155048416
-6.1800740990005,8.67883256751786,-3.1169213849809
-6.24184028339552,8.6750120766645,-3.12062121947764
-6.30358971965569,8.67093010734969,-3.12432105397438
-6.36533352033482,8.66667381906059,-3.12802088847112
-6.42708279798668,8.66233037128434,-3.13172072296786
-6.48884866516508,8.65798692350808,-3.1354205574646
-6.5506422344238,8.65373063521898,-3.13912039196134
-6.61247461831665,8.64964866590417,3.1403650807215
-6.67435692939742,8.64582817505081,3.13666524622476
-6.7363002802199,8.64235632214605,3.13296541172802
-6.79831578333789,8.63932026667703,3.12926557723128
-6.86041455130517,8.6368071681309,3.12556574273454
-6.92260769667555,8.63490418599482,3.1218659082378
-6.98490633200282,8.63369847975592,3.11816607374106
-7.04732156984076,8.63327720890137,3.11816607374106
-7.10988566588878,8.63349132775388,3.11968673486764
-7.17261092670603,8.63410415067657,3.12120739599423
-7.23547854113597,8.63507137721721,3.12272805712082
-7.29846969802205,8.63634870692355,3.1242487182474
-7.36156558620773,8.63789183934335,3.12576937937399
-7.42474739453647,8.63965647402436,3.12729004050058
-7.48799631185171,8.64159831051435,3.12881070162716
-7.55129352699692,8.64367304836106,3.13033136275375
-7.61462022881555,8.64583638711226,3.13185202388034
-7.67795760615106,8.6480440263157,3.13337268500692
-7.7412868478469,8.65025166551914,3.13489334613351
-7.80458914274653,8.65241500427034,3.1364140072601
-7.8678456796934,8.65448974211705,3.13793466838668
-7.93103764753098,8.65643157860704,3.13945532951327
-7.9941462351027,8.65819621328805,3.14097599063985
-8.05715263125204,8.65973934570785,-3.14068865541315
-8.12003802482245,8.66101667541419,-3.13916799428656
-8.18278360465737,8.66198390195482,-3.13764733315997
-8.24537055960028,8.66259672487752,-3.13612667203339
-8.30778007849461,8.66281084373003,-3.13612667203339
-8.37000764474176,8.66276200375212,-3.13673382450631
-8.43207229975512,8.66262222036707,-3.13734097697923
-8.49399056939615,8.66240159839789,-3.13794812945215
-8.55577897952633,8.6621102426676,-3.13855528192507
-8.61745405600713,8.66175825799922,-3.13916243439799
-8.67903232470004,8.66135574921575,-3.13976958687091
-8.74053031146651,8.66091282114023,-3.14037673934383
-8.80196454216804,8.66043957859566,-3.14098389181675
-8.86335154266608,8.65994612640506,-3.14159104428968
-8.92470783882212,8.65944256939144,3.14098711041699
-8.98604995649762,8.65893901237782,3.14037995794407
-9.04739442155407,8.65844556018721,3.13977280547115
-9.10875775985293,8.65797231764264,3.13916565299823
-9.17015649725568,8.65752938956712,3.13855850052531
-9.2316071596238,8.65712688078365,3.13795134805239
-9.29312627281875,8.65677489611527,3.13734419557946
-9.35473036270201,8.65648354038498,3.13673704310654
-9.41643595513506,8.65626291841581,3.13612989063362
-9.47825957597937,8.65612313503075,3.1355227381607
-9.54021775109641,8.65607429505284,3.1355227381607
-9.6024040235435,8.65612925637396,3.13699291988793
-9.66487258559383,8.65628655946544,3.13846310161515
-9.72758093693267,8.65653483301945,3.13993328334238
-9.79048657724528,8.65686270572818,3.14140346506961
-9.85354700621692,8.65725880628382,-3.14031166038275
-9.91671972353286,8.65771176337855,-3.13884147865553
-9.97996222887837,8.65821020570454,-3.1373712969283
-10.0432320219387,8.65874276195399,-3.13590111520107
-10.1064866023992,8.65929806081907,-3.13443093347385
-10.169683469945,8.65986473099197,-3.13296075174662
-10.2327801242614,8.66043140116487,-3.1314905700194
-10.2957340650337,8.66098670002995,-3.13002038829217
-10.3585027919472,8.6615192562794,-3.12855020656494
-10.4210438046871,8.6620176986054,-3.12708002483772
-10.4833146029387,8.66247065570012,-3.12560984311049
-10.5452726863873,8.66286675625576,-3.12413966138326
-10.6068755547181,8.6631946289645,-3.12266947965604
-10.6680807076164,8.66344290251851,-3.12119929792881
-10.7288456447674,8.66360020560998,-3.11972911620158
-10.7891278658565,8.6636551669311,-3.11972911620158
-10.8490556723069,8.66357455426398,-3.11353593142373
-10.9087829557538,8.66333638569104,-3.10734274664587
-10.9683056011998,8.6629461653549,-3.10114956186801
-11.0276194936477,8.66240939739819,-3.09495637709015
-11.0867205181001,8.66173158596354,-3.0887631923123
-11.1456045595598,8.66091823519358,-3.08257000753444
-11.2042675030295,8.65997484923092,-3.07637682275658
-11.262705233512,8.65890693221819,-3.07018363797873
-11.3209136360098,8.65771998829803,-3.06399045320087
-11.3788885955258,8.65641952161305,-3.05779726842301
-11.4366259970626,8.65501103630589,-3.05160408364515
-11.494121725623,8.65350003651917,-3.0454108988673
-11.5513716662097,8.65189202639551,-3.03921771408944
-11.6083717038254,8.65019251007754,-3.03302452931158
-11.6651177234727,8.6484069917079,-3.02683134453373
-11.7216056101546,8.64654097542919,-3.02063815975587
-11.7778312488735,8.64459996538405,-3.01444497497801
-11.8337905246324,8.64258946571512,-3.00825179020015
-11.8894793224337,8.640514980565,-3.0020586054223
-11.9448935272804,8.63838201407633,-3.0020586054223
-12.0006588179172,8.63597541897175,-2.95286840812895
-12.0572762647093,8.6330726422662,-2.9036782108356
-12.1145548400903,8.62966807954079,-2.85448801354225
-12.1723035164938,8.62575612637662,-2.8052978162489
-12.2303312663532,8.62133117835478,-2.75610761895555
-12.2884470621022,8.61638763105638,-2.7069174216622
-12.3464598761741,8.61091988006252,-2.65772722436885
-12.4041786810027,8.60492232095429,-2.6085370270755
-12.4614124490213,8.59838934931279,-2.55934682978215
-12.5179701526636,8.59131536071914,-2.5101566324888
-12.573660764363,8.58369475075442,-2.46096643519545
-12.6282932565532,8.57552191499973,-2.4117762379021
-12.6816766016675,8.56679124903618,-2.36258604060875
-12.7336197721396,8.55749714844486,-2.3133958433154
-12.783931740403,8.54763400880688,-2.26420564602205
-12.8324214788913,8.53719622570333,-2.2150154487287
-12.8788979600379,8.52617819471532,-2.16582525143535
-12.9231701562763,8.51457431142394,-2.116635054142
-12.9650470400402,8.5023789714103,-2.06744485684865
-13.0043375837631,8.48958657025549,-2.06744485684865
-13.0426308437183,8.47257919097309,-2.04357362171051
-13.0814792370616,8.448130733587,-2.01970238657238
-13.1206367775491,8.41682331919377,-1.99583115143424
-13.1598574789375,8.37923906888997,-1.9719599162961
-13.1988953549832,8.33596010377215,-1.94808868115797
-13.2375044194425,8.28756854493688,-1.92421744601983
-13.2754386860719,8.23464651348073,-1.90034621088169
-13.312452168628,8.17777613050023,-1.87647497574355
-13.348298880867,8.11753951709198,-1.85260374060542
-13.3827328365456,8.05451879435251,-1.82873250546728
-13.41550804942,7.9892960833784,-1.80486127032914
-13.4463785332468,7.9224535052662,-1.78099003519101
-13.4750983017824,7.85457318111249,-1.75711880005287
-13.5014213687832,7.7862372320138,-1.73324756491473
-13.5251017480058,7.71802777906672,-1.70937632977659
-13.5458934532064,7.65052694336779,-1.68550509463846
-13.5635504981416,7.5843168460136,-1.66163385950032
-13.5778268965679,7.51997960810067,-1.63776262436218
-13.5884766622416,7.4580973507256,-1.61389138922405
-13.5952538089192,7.39925219498493,-1.61389138922405
-13.59972541911,7.34184896760215,-1.62096731895227
-13.6036601831714,7.28393108540371,-1.62804324868049
-13.6071145266314,7.22553855464069,-1.63511917840871
-13.6101448750181,7.16671138156411,-1.64219510813694
-13.6128076538599,7.10748957242503,-1.64927103786516
-13.6151592886848,7.0479131334745,-1.65634696759338
-13.617256205021,6.98802207096358,-1.6634228973216
-13.6191548283967,6.9278563911433,-1.67049882704982
-13.62091158434,6.86745610026472,-1.67757475677805
-13.6225828983792,6.80686120457888,-1.68465068650627
-13.6242251960423,6.74611171033684,-1.69172661623449
-13.6258949028576,6.68524762378965,-1.69880254596271
-13.6276484443533,6.62430895118835,-1.70587847569094
-13.6295422460574,6.563335698784,-1.71295440541916
-13.6316327334983,6.50236787282764,-1.72003033514738
-13.633976332204,6.44144547957032,-1.7271062648756
-13.6366294677026,6.38060852526309,-1.73418219460382
-13.6396485655225,6.319897016157,-1.74125812433205
-13.6430900511917,6.2593509585031,-1.74833405406027
-13.6470103502385,6.19901035855244,-1.74833405406027
-13.6523538811259,6.13871318488039,-1.72814830783946
-13.6598523446779,6.07828377529656,-1.70796256161866
-13.6692430899637,6.01774168990337,-1.68777681539785
-13.6802634660526,5.95710648880325,-1.66759106917705
-13.6926508220138,5.89639773209861,-1.64740532295624
-13.7061425069164,5.83563497989189,-1.62721957673543
-13.7204758698299,5.77483779228549,-1.60703383051463
-13.7353882598234,5.71402572938184,-1.58684808429382
-13.7506170259662,5.65321835128337,-1.56666233807302
-13.7658995173275,5.59243521809249,-1.54647659185221
-13.7809730829765,5.53169588991163,-1.5262908456314
-13.7955750719825,5.4710199268432,-1.5061050994106
-13.8094428334148,5.41042688898963,-1.48591935318979
-13.8223137163426,5.34993633645334,-1.46573360696899
-13.8339250698351,5.28956782933674,-1.44554786074818
-13.8440142429615,5.22934092774228,-1.42536211452737
-13.8523185847912,5.16927519177235,-1.40517636830657
-13.8585754443933,5.10939018152939,-1.38499062208576
-13.8625221708372,5.04970545711581,-1.36480487586496
-13.8638961131919,4.99024057863404,-1.36480487586496
-13.8621297999358,4.93102595084458,-1.379002186822
-13.8570744895821,4.87206183608598,-1.39319949777905
-13.8490956262527,4.81332258082774,-1.40739680873609
-13.8385586540697,4.75478253153937,-1.42159411969314
-13.8258290171549,4.69641603469037,-1.43579143065018
-13.8112721596303,4.63819743675025,-1.44998874160723
-13.795253525618,4.58010108418851,-1.46418605256428
-13.7781385592397,4.52210132347465,-1.47838336352132
-13.7602927046176,4.46417250107818,-1.49258067447837
-13.7420814058734,4.4062889634686,-1.50677798543541
-13.7238701071293,4.34842505711542,-1.52097529639246
-13.7060242525072,4.29055512848814,-1.5351726073495
-13.6889092861289,4.23265352405626,-1.54936991830655
-13.6728906521165,4.17469459028929,-1.56356722926359
-13.658333794592,4.11665267365674,-1.57776454022064
-13.6456041576772,4.0585021206281,-1.59196185117769
-13.6350671854941,4.00021727767288,-1.60615916213473
-13.6270883221648,3.94177249126058,-1.62035647309178
-13.6220330118111,3.88314210786071,-1.63455378404882
-13.620266698555,3.82430047394277,-1.63455378404882
-13.6208013394562,3.76528606174829,-1.6313668423893
-13.6223327798271,3.70615968978188,-1.62817990072978
-13.6247522961682,3.64692922390775,-1.62499295907026
-13.6279511649802,3.58760252999006,-1.62180601741074
-13.6318206627638,3.52818747389301,-1.61861907575122
-13.6362520660196,3.46869192148077,-1.6154321340917
-13.6411366512482,3.40912373861752,-1.61224519243217
-13.6463656949504,3.34949079116745,-1.60905825077265
-13.6518304736266,3.28980094499474,-1.60587130911313
-13.6574222637777,3.23006206596357,-1.60268436745361
-13.6630323419042,3.17028201993811,-1.59949742579409
-13.6685519845068,3.11046867278257,-1.59631048413457
-13.6738724680862,3.0506298903611,-1.59312354247505
-13.6788850691429,2.99077353853791,-1.58993660081553
-13.6834810641777,2.93090748317716,-1.586749659156
-13.6875517296912,2.87103959014305,-1.58356271749648
-13.690988342184,2.81117772529973,-1.58037577583696
-13.6936821781568,2.75132975451143,-1.57718883417744
-13.6955245141102,2.69150354364229,-1.57400189251792
-13.6964066265449,2.63170695855652,-1.57400189251792
-13.6967645801923,2.57154643213736,-1.56752500880881
-13.6971067375477,2.51070186175722,-1.5610481250997
-13.6974328217572,2.4492913100139,-1.55457124139058
-13.6977425559674,2.38743283950527,-1.54809435768147
-13.6980356633243,2.32524451282915,-1.54161747397236
-13.6983118669744,2.26284439258341,-1.53514059026325
-13.6985708900638,2.20035054136585,-1.52866370655413
-13.6988124557389,2.13788102177435,-1.52218682284502
-13.699036287146,2.07555389640671,-1.51570993913591
-13.6992421074314,2.01348722786082,-1.5092330554268
-13.6994296397413,1.95179907873447,-1.50275617171768
-13.699598607222,1.89060751162554,-1.49627928800857
-13.6997487330199,1.83003058913184,-1.48980240429946
-13.6998797402813,1.77018637385124,-1.48332552059035
-13.6999913521523,1.71119292838155,-1.47684863688123
-13.7000832917794,1.65316831532063,-1.47037175317212
-13.7001552823087,1.59623059726632,-1.46389486946301
-13.7002070468867,1.54049783681646,-1.4574179857539
-13.7002383086595,1.48608809656887,-1.45094110204478
-13.7002487907735,1.43311943912143,-1.45094110204478
-13.6999225755344,1.3808955370183,-1.39777118139584
-13.6989539746213,1.32870726151655,-1.3446012607469
-13.6973580552404,1.27665347328325,-1.29143134009796
-13.6951498845978,1.22483303298551,-1.23826141944902
-13.6923445298998,1.1733448012904,-1.18509149880008
-13.6889570583527,1.12228763886502,-1.13192157815113
-13.6850025371624,1.07176040637646,-1.07875165750219
-13.6804960335354,1.02186196449183,-1.02558173685325
-13.6754526146778,0.972691173878181,-0.972411816204309
-13.6698873477957,0.924346895202642,-0.919241895555367
-13.6638153000954,0.876927989132278,-0.866071974906425
-13.6572515387831,0.830533316334201,-0.812902054257483
-13.650211131065,0.785261737475482,-0.759732133608541
-13.6427091441473,0.741212113223231,-0.7065622129596
-13.6347606452362,0.698483304244521,-0.653392292310658
-13.6263807015378,0.65717417120646,-0.600222371661716
-13.6175843802585,0.617383574776123,-0.547052451012775
-13.6083867486043,0.579210375620617,-0.493882530363833
-13.5988028737815,0.542753434407017,-0.440712609714891
-13.5888478229963,0.508111611802429,-0.440712609714891
-13.5743688411144,0.474257760337904,-0.421768769537102
-13.5516325899922,0.440206650950526,-0.402824929359313
-13.5212832623223,0.406120021916381,-0.383881089181524
-13.483965050797,0.372159611511581,-0.364937249003735
-13.4403221481088,0.338487158012211,-0.345993408825946
-13.3909987469502,0.305264399694386,-0.327049568648156
-13.3366390400137,0.272653074834188,-0.308105728470367
-13.2778872199916,0.240814921707732,-0.289161888292578
-13.2153874795765,0.209911678591102,-0.270218048114789
-13.1497840114607,0.180105083760411,-0.251274207937
-13.0817210083368,0.151556875491746,-0.232330367759211
-13.0118426628973,0.124428792061217,-0.213386527581422
-12.9407931678345,0.098882571744914,-0.194442687403633
-12.8692167158409,0.0750799528189399,-0.175498847225844
-12.797757499609,0.0531826735593932,-0.156555007048055
-12.7270597118312,0.033352472242373,-0.137611166870266
-12.6577675452,0.0157510871439782,-0.118667326692476
-12.5905251924078,0.000540256540307982,-0.0997234865146874
-12.5259768461471,-0.0121182812925388,-0.0807796463368983
-12.4647666991104,-0.022062788078463,-0.0807796463368983
-12.4050966776772,-0.0303045978709155,-0.0794685918504759
-12.3447748731306,-0.037987997673535,-0.0781575373640535
-12.2838547255186,-0.0451506786355046,-0.0768464828776311
-12.2223896748888,-0.0518303319060073,-0.0755354283912087
-12.1604331612893,-0.058064648634226,-0.0742243739047863
-12.0980386247677,-0.0638913199693438,-0.0729133194183639
-12.0352595053719,-0.0693480370605436,-0.0716022649319415
-11.9721492431498,-0.0744724910570085,-0.0702912104455191
-11.9087612781492,-0.0793023731079214,-0.0689801559590967
-11.8451490504178,-0.0838753743624653,-0.0676691014726743
-11.7813660000036,-0.0882291859698233,-0.0663580469862519
-11.7174655669544,-0.0924014990791784,-0.0650469924998295
-11.6535011913179,-0.0964300048397135,-0.0637359380134071
-11.589526313142,-0.100352394400612,-0.0624248835269846
-11.5255943724746,-0.104206358911056,-0.0611138290405623
-11.4617588093635,-0.108029589520229,-0.0598027745541399
-11.3980730638565,-0.111859777377314,-0.0584917200677174
-11.3345905760014,-0.115734613631495,-0.057180665581295
-11.271364785846,-0.119691789431953,-0.0558696110948726
-11.2084491334383,-0.123768995927873,-0.0558696110948726
-11.1457336595526,-0.128022400473306,-0.0517687283143193
-11.0830677994452,-0.132454441110291,-0.047667845533766
-11.020444084887,-0.137022215019989,-0.0435669627532126
-10.9578550476485,-0.14168281938356,-0.0394660799726593
-10.8952932195005,-0.146393351382165,-0.035365197192106
-10.8327511322137,-0.151110908196964,-0.0312643144115527
-10.7702213175587,-0.155792587009119,-0.0271634316309993
-10.7076963073063,-0.160395484999789,-0.023062548850446
-10.6451686332272,-0.164876699350136,-0.0189616660698927
-10.5826308270921,-0.16919332724132,-0.0148607832893393
-10.5200754206716,-0.173302465854502,-0.010759900508786
-10.4574949457365,-0.177161212370842,-0.00665901772823268
-10.3948819340575,-0.180726663971501,-0.00255813494767936
-10.3322289174052,-0.18395591783764,0.00154274783287398
-10.2695284275505,-0.18680607115042,0.0056436306134273
-10.2067729962638,-0.189234221091,0.00974451339398063
-10.1439551553161,-0.191197464840542,0.013845396174534
-10.0810674364779,-0.192652899580207,0.0179462789550873
-10.01810237152,-0.193557622491155,0.0220471617356406
-9.95505249221301,-0.193868730754546,0.0220471617356406
-9.89187670845462,-0.19372447885853,0.0218312989811494
-9.82855142908147,-0.193307346891478,0.0216154362266583
-9.76509543427291,-0.192640770434884,0.0213995734721671
-9.70152750420826,-0.191748185070242,0.0211837107176759
-9.63786641906685,-0.190653026379045,0.0209678479631847
-9.57413095902801,-0.189378729942789,0.0207519852086936
-9.51033990427108,-0.187948731342967,0.0205361224542024
-9.44651203497538,-0.186386466161073,0.0203202596997112
-9.38266613132025,-0.1847153699786,0.02010439694522
-9.31882097348501,-0.182958878377044,0.0198885341907289
-9.254995341649,-0.181140426937897,0.0196726714362377
-9.19120801599154,-0.179283451242654,0.0194568086817465
-9.12747777669197,-0.17741138687281,0.0192409459272553
-9.06382340392961,-0.175547669409857,0.0190250831727642
-9.0002636778838,-0.17371573443529,0.018809220418273
-8.93681737873387,-0.171939017530603,0.0185933576637818
-8.87350328665915,-0.17024095427729,0.0183774949092906
-8.81034018183896,-0.168644980256845,0.0181616321547995
-8.74734684445265,-0.167174531050761,0.0179457694003083
-8.68454205467953,-0.165853042240534,0.0179457694003083
-8.62194200359516,-0.164616867749613,0.0176467153570769
-8.55953684853118,-0.163387450603428,0.0173476613138455
-8.49730631905104,-0.16216586003644,0.0170486072706141
-8.43523014471818,-0.160953165283111,0.0167495532273827
-8.37328805509605,-0.159750435577903,0.0164504991841514
-8.31145977974811,-0.158558740155276,0.01615144514092
-8.24972504823781,-0.157379148249692,0.0158523910976886
-8.18806359012859,-0.156212729095614,0.0155533370544572
-8.12645513498392,-0.155060551927502,0.0152542830112258
-8.06487941236723,-0.153923685979818,0.0149552289679944
-8.00331615184198,-0.152803200487023,0.014656174924763
-7.94174508297161,-0.151700164683579,0.0143571208815316
-7.8801459353196,-0.150615647803949,0.0140580668383003
-7.81849843844935,-0.149550719082591,0.0137590127950689
-7.75678232192437,-0.14850644775397,0.0134599587518375
-7.69497731530806,-0.147483903052546,0.0131609047086061
-7.6330631481639,-0.146484154212781,0.0128618506653747
-7.57101955005533,-0.145508270469135,0.0125627966221433
-7.5088262505458,-0.144557321056072,0.0122637425789119
-7.44646297919876,-0.143632375208051,0.0122637425789119
-7.38395773360035,-0.142697604039082,0.0102780918157893
-7.32135669518276,-0.1417228069721,0.00829244105266659
-7.25866686927857,-0.140717495704964,0.00630679028954392
-7.19589526122031,-0.139691181935529,0.00432113952642125
-7.13304887634057,-0.138653377361654,0.00233548876329858
-7.07013471997188,-0.137613593681194,0.000349838000175905
-7.00715979744682,-0.136581342592007,-0.00163581276294677
-6.94413111409793,-0.13556613579195,-0.00362146352606944
-6.8810556752578,-0.134577484978879,-0.00560711428919211
-6.81794048625895,-0.133624901850652,-0.00759276505231479
-6.75479255243397,-0.132717898105126,-0.00957841581543746
-6.6916188791154,-0.131865985440157,-0.0115640665785601
-6.62842647163582,-0.131078675553603,-0.0135497173416828
-6.56522233532776,-0.13036548014332,-0.0155353681048055
-6.5020134755238,-0.129735910907165,-0.0175210188679282
-6.43880689755649,-0.129199479542996,-0.0195066696310508
-6.37560960675841,-0.128765697748669,-0.0214923203941735
-6.31242860846208,-0.128444077222041,-0.0234779711572962
-6.24927090800009,-0.128244129660969,-0.0254636219204188
-6.18614351070498,-0.12817536676331,-0.0254636219204188
-6.1230780493295,-0.128408781087532,-0.0236822326685322
-6.06009113690818,-0.129076828980997,-0.0219008434166456
-5.99716724919639,-0.130131217824898,-0.0201194541647589
-5.93429086194942,-0.131523655000432,-0.0183380649128723
-5.87144645092262,-0.133205847888793,-0.0165566756609856
-5.8086184918713,-0.135129503871178,-0.014775286409099
-5.74579146055081,-0.137246330328781,-0.0129938971572124
-5.68294983271645,-0.139508034642798,-0.0112125079053257
-5.62007808412356,-0.141866324194425,-0.00943111865343908
-5.55716069052747,-0.144272906364856,-0.00764972940155244
-5.49418212768351,-0.146679488535287,-0.00586834014966581
-5.43112687134699,-0.149037778086913,-0.00408695089777917
-5.36797939727325,-0.151299482400931,-0.00230556164589253
-5.30472418121762,-0.153416308858534,-0.000524172394005885
-5.24134569893542,-0.155339964840919,0.00125721685788075
-5.17782842618198,-0.15702215772928,0.00303860610976739
-5.11415683871262,-0.158414594904814,0.00481999536165403
-5.05031541228268,-0.159468983748715,0.00660138461354068
-4.98628862264748,-0.160137031642179,0.00838277386542731
-4.92206094556234,-0.160370445966402,0.00838277386542731
-4.85759854375428,-0.160290824400262,0.00770270022291292
-4.7928927913175,-0.160062941986826,0.00702262658039854
-4.72796598105816,-0.159703272153573,0.00634255293788415
-4.6628404057824,-0.159228288327978,0.00566247929536977
-4.59753835829637,-0.15865446393752,0.00498240565285538
-4.53208213140622,-0.157998272409676,0.004302332010341
-4.4664940179181,-0.157276187171922,0.00362225836782661
-4.40079631063816,-0.156504681651737,0.00294218472531222
-4.33501130237254,-0.155700229276597,0.00226211108279784
-4.26916128592739,-0.15487930347398,0.00158203744028345
-4.20326855410886,-0.154058377671363,0.000901963797769064
-4.1373553997231,-0.153253925296223,0.000221890155254679
-4.07144411557626,-0.152482419776038,-0.000458183487259707
-4.00555699447447,-0.151760334538284,-0.00113825712977409
-3.93971632922391,-0.15110414301044,-0.00181833077228848
-3.8739444126307,-0.150530318619982,-0.00249840441480286
-3.808263537501,-0.150055334794387,-0.00317847805731725
-3.74269599664095,-0.149695664961134,-0.00385855169983164
-3.67726408285671,-0.149467782547698,-0.00453862534234602
-3.61199008895442,-0.149388160981558,-0.00453862534234602
-3.54680785362948,-0.149430855356119,-0.00330688665606506
-3.48163851741917,-0.149553049600551,-0.00207514796978409
-3.41648532589248,-0.14974591039598,-0.000843409283503129
-3.35135152461838,-0.150000604423531,0.000388329402777835
-3.28624035916586,-0.15030829836433,0.0016200680890588
-3.2211550751039,-0.150660158899502,0.00285180677533976
-3.15609891800148,-0.151047352710173,0.00408354546162073
-3.09107513342759,-0.151461046477467,0.00531528414790169
-3.02608696695121,-0.15189240688251,0.00654702283418266
-2.96113766414131,-0.152332600606429,0.00777876152046363
-2.89623047056689,-0.152772794330347,0.00901050020674459
-2.83136863179693,-0.15320415473539,0.0102422388930256
-2.7665553934004,-0.153617848502685,0.0114739775793065
-2.70179400094628,-0.154005042313355,0.0127057162655875
-2.63708770000358,-0.154356902848527,0.0139374549518684
-2.57243973614125,-0.154664596789326,0.0151691936381494
-2.50785335492829,-0.154919290816877,0.0164009323244304
-2.44333180193368,-0.155112151612306,0.0176326710107113
-2.3788783227264,-0.155234345856738,0.0188644096969923
-2.31449616287543,-0.155277040231299,0.0188644096969923
-2.25018365647781,-0.155102437283924,0.0166970394651794
-2.18593552626851,-0.154602711606953,0.0145296692333664
-2.1217496007734,-0.15381398794812,0.0123622990015535
-2.05762370851835,-0.152772391055156,0.0101949287697405
-1.99355567802924,-0.151514045675796,0.0080275585379276
-1.92954333783195,-0.150075076557772,0.00586018830611465
-1.86558451645234,-0.148491608448817,0.00369281807430171
-1.8016770424163,-0.146799766096663,0.00152544784248877
-1.73781874424969,-0.145035674249043,-0.000641922389324171
-1.6740074504784,-0.143235457653691,-0.00280929262113712
-1.61024098962829,-0.141435241058338,-0.00497666285295006
-1.54651719022524,-0.139671149210718,-0.007144033084763
-1.48283388079512,-0.137979306858564,-0.00931140331657594
-1.41918888986382,-0.136395838749609,-0.0114787735483889
-1.35558004595719,-0.134956869631585,-0.0136461437802018
-1.29200517760113,-0.133698524252225,-0.0158135140120148
-1.2284621133215,-0.132656927359262,-0.0179808842438277
-1.16494868164417,-0.131868203700428,-0.0201482544756407
-1.10146271109503,-0.131368478023458,-0.0223156247074536
-1.03800203019994,-0.131193875076082,-0.0223156247074536
-0.974591741279502,-0.13133583146435,-0.022160132986743
-0.91125420613898,-0.131746634454626,-0.0220046412660323
-0.847983142531271,-0.132403684785122,-0.0218491495453216
-0.784772268209274,-0.133284383194046,-0.021693657824611
-0.721615300925885,-0.13436613041961,-0.0215381661039003
-0.658505958434001,-0.135626327200024,-0.0213826743831897
-0.595437958486517,-0.137042374273498,-0.021227182662479
-0.532405018836331,-0.138591672378243,-0.0210716909417684
-0.46940085723634,-0.140251622252468,-0.0209161992210577
-0.406419191439439,-0.141999624634384,-0.0207607075003471
-0.343453739198526,-0.143813080262201,-0.0206052157796364
-0.280498218266497,-0.14566938987413,-0.0204497240589258
-0.217546346396249,-0.147545954208381,-0.0202942323382151
-0.154591841340678,-0.149420174003164,-0.0201387406175045
-0.0916284208526813,-0.15126944999669,-0.0199832488967938
-0.0286498026851552,-0.153071182927168,-0.0198277571760832
0.0343502954090036,-0.154802773532809,-0.0196722654553725
0.0973781556768987,-0.156441622551824,-0.0195167737346619
0.160440060365633,-0.157965130722422,-0.0193612820139512
0.223542291722311,-0.159350698782814,-0.0193612820139512
0.28670225263408,-0.160709499745737,-0.0175788728736826
0.349926188358208,-0.162156398637372,-0.0157964637334141
0.413203644696977,-0.163674334216095,-0.0140140545931455
0.47652416745267,-0.165246245240282,-0.012231645452877
0.539877302427568,-0.166855070468311,-0.0104492363126084
0.603252595423955,-0.168483748658557,-0.00866682717233985
0.666639592244111,-0.170115218569396,-0.0068844180320713
0.730027838690313,-0.171732418959204,-0.00510200889180273
0.793406880564863,-0.17331828858636,-0.00331959975153418
0.856766263670016,-0.174855766209237,-0.00153719061126562
0.920095533808081,-0.176327790586213,0.00024521852900294
0.983384236781314,-0.177717300475664,0.0020276276692715
1.04662191839202,-0.179007234635967,0.00381003680954006
1.10979812444246,-0.180180531825497,0.00559244594980862
1.17290240073495,-0.181220130802631,0.00737485509007718
1.23592429307172,-0.182108970325745,0.00915726423034573
1.29885334725511,-0.182829989153216,0.0109396733706143
1.36167910908735,-0.18336612604342,0.0127220825108829
1.42439112437077,-0.183700319754733,0.0145044916511514
1.48697893890761,-0.183815509045531,0.0145044916511514
1.54938939188608,-0.183722860760752,0.0143207714386399
1.61159312511759,-0.183454971484755,0.0141370512261284
1.67361538833923,-0.183026924585055,0.0139533310136169
1.73548143128812,-0.182453803429165,0.0137696108011055
1.79721650370136,-0.181750691384597,0.013585890588594
1.85884585531604,-0.180932671818865,0.0134021703760825
1.92039473586929,-0.180014828099483,0.013218450163571
1.98188839509819,-0.179012243593963,0.0130347299510595
2.04335208273986,-0.177940001669818,0.012851009738548
2.10481104853139,-0.176813185694562,0.0126672895260365
2.16629054220991,-0.175646879035708,0.012483569313525
2.22781581351249,-0.17445616506077,0.0122998491010135
2.28941211217627,-0.173256127137259,0.0121161288885021
2.35110468793832,-0.172061848632691,0.0119324086759906
2.41291879053577,-0.170888412914577,0.0117486884634791
2.47487966970572,-0.169750903350431,0.0115649682509676
2.53701257518526,-0.168664403307766,0.0113812480384561
2.59934275671152,-0.167643996154096,0.0111975278259446
2.66189546402158,-0.166704765256933,0.0110138076134331
2.72469594685255,-0.165861793983791,0.0110138076134331
2.787757707153,-0.165046749713807,0.00919620770236008
2.85106166114779,-0.164187447825681,0.00737860779128705
2.91458417998843,-0.163293193686274,0.00556100788021401
2.97830163482646,-0.162373292662445,0.00374340796914097
3.0421903968134,-0.161437050121055,0.00192580805806793
3.10622683710079,-0.160493771428963,0.000108208146994893
3.17038732684016,-0.159552761953029,-0.00170939176407815
3.23464823718303,-0.158623327060114,-0.00352699167515118
3.29898593928093,-0.157714772117077,-0.00534459158622422
3.36337680428539,-0.156836402490778,-0.00716219149729726
3.42779720334794,-0.155997523548076,-0.0089797914083703
3.49222350762011,-0.155207440655833,-0.0107973913194433
3.55663208825342,-0.154475459180908,-0.0126149912305164
3.62099931639942,-0.153810884490161,-0.0144325911415894
3.68530156320962,-0.153223021950451,-0.0162501910526625
3.74951519983555,-0.152721176928639,-0.0180677909637355
3.81361659742875,-0.152314654791584,-0.0198853908748085
3.87758212714074,-0.152012760906148,-0.0217029907858816
3.94138816012305,-0.151824800639188,-0.0235205906969546
4.00501106752722,-0.151760079357566,-0.0235205906969546
4.06852395377082,-0.151975111574764,-0.021355041794484
4.13201280076107,-0.152590548610193,-0.0191894928920133
4.1954732958839,-0.153561901039605,-0.0170239439895427
4.25890112652525,-0.154844679438752,-0.014858395087072
4.32229198007104,-0.156394394383387,-0.0126928461846014
4.38564154390722,-0.158166556449261,-0.0105272972821307
4.44894550541972,-0.160116676212126,-0.00836174837966009
4.51219955199448,-0.162200264247735,-0.00619619947718944
4.57539937101742,-0.16437283113184,-0.0040306505747188
4.6385406498745,-0.166589887440192,-0.00186510167224815
4.70161907595163,-0.168806943748545,0.000300447230222493
4.76463033663477,-0.170979510632649,0.00246599613269314
4.82757011930983,-0.173063098668258,0.00463154503516379
4.89043411136277,-0.175013218431124,0.00679709393763444
4.95321800017951,-0.176785380496997,0.00896264284010508
5.01591747314599,-0.178335095441632,0.0111281917425757
5.07852821764814,-0.179617873840779,0.0132937406450464
5.14104592107191,-0.180589226270191,0.015459289547517
5.20346627080322,-0.18120466330562,0.0176248384499877
