-13.717751, -2.380193, 1.487283, 0.000000
-13.757369, -2.389491, 1.575261, 0.000000
-13.787387, -2.392868, 1.576732, 0.000000
-13.793607, -2.395002, 1.577272, 0.000000
-13.801657, -2.396679, 1.576675, 0.000000
-13.800867, -2.398925, 1.579280, 0.000000
-13.802722, -2.406963, 1.578594, 0.000000
-13.806845, -2.412546, 1.577815, 0.000000
-13.807204, -2.421990, 1.577131, 0.000000
-13.807437, -2.426996, 1.577501, 0.000000
-13.807490, -2.435112, 1.580068, 0.000000
-13.805967, -2.441015, 1.577033, 0.000000
-13.803536, -2.453725, 1.579011, 0.000000
-13.802090, -2.462341, 1.577800, 0.000000
-13.804115, -2.480933, 1.578306, 0.000000
-13.804186, -2.486598, 1.578183, 0.000000
-13.805198, -2.498016, 1.579379, 0.000000
-13.802357, -2.515157, 1.578836, 0.000000
-13.803482, -2.531552, 1.579339, 0.000000
-13.804608, -2.552207, 1.575377, 0.000000
-13.800810, -2.583670, 1.579499, 0.000000
-13.796957, -2.619133, 1.580564, 0.000000
-13.801496, -2.642672, 1.579151, 0.000000
-13.800278, -2.678492, 1.577957, 0.000000
-13.801027, -2.697699, 1.580526, 0.000000
-13.800263, -2.711014, 1.577775, 0.000000
-13.798020, -2.721969, 1.580868, 0.000000
-13.799205, -2.729650, 1.578961, 0.000000
-13.799187, -2.736313, 1.579485, 0.000000
-13.799657, -2.750961, 1.579960, 0.000000
-13.800400, -2.753532, 1.579067, 0.000000
-13.797761, -2.761402, 1.578770, 0.000000
-13.796650, -2.766416, 1.582245, 0.000000
-13.796026, -2.769859, 1.582099, 0.000000
-13.797670, -2.780294, 1.578447, 0.000000
-13.798608, -2.786903, 1.580207, 0.000000
-13.796077, -2.796634, 1.578416, 0.000000
-13.796849, -2.797300, 1.579529, 0.000000
-13.798600, -2.809039, 1.577813, 0.000000
-13.796945, -2.812445, 1.577888, 0.000000
-13.795463, -2.811348, 1.578291, 0.000000
-13.796099, -2.806603, 1.578162, 0.000000
-13.798718, -2.814334, 1.579815, 0.000000
-13.796799, -2.816350, 1.581029, 0.000000
-13.799032, -2.818941, 1.577838, 0.000000
-13.795029, -2.824317, 1.578113, 0.000000
-13.793929, -2.838470, 1.579207, 0.000000
-13.793220, -2.838592, 1.580794, 0.000000
-13.794746, -2.844310, 1.580434, 0.000000
-13.795433, -2.844396, 1.579916, 0.000000
-13.793184, -2.854326, 1.580085, 0.000000
-13.791688, -2.844229, 1.579953, 0.000000
-13.793215, -2.838467, 1.577968, 0.000000
-13.794924, -2.832284, 1.577404, 0.000000
-13.795846, -2.817439, 1.579008, 0.000000
-13.793250, -2.802995, 1.578189, 0.000000
-13.795550, -2.805389, 1.579936, 0.000000
-13.791328, -2.791912, 1.579040, 0.000000
-13.794212, -2.770000, 1.580962, 0.000000
-13.794782, -2.752169, 1.576259, 0.000000
-13.797292, -2.773846, 1.579230, 0.000000
-13.795636, -2.758613, 1.580760, 0.000000
-13.796116, -2.731147, 1.578167, 0.000000
-13.798163, -2.724557, 1.577020, 0.000000
-13.799647, -2.691735, 1.579560, 0.000000
-13.798396, -2.645918, 1.577825, 0.000000
-13.797432, -2.645845, 1.577457, 0.000000
-13.798026, -2.611156, 1.574546, 0.000000
-13.802389, -2.578604, 1.575044, 0.000000
-13.801514, -2.527736, 1.579536, 0.000000
-13.802759, -2.519908, 1.577971, 0.000000
-13.804505, -2.484178, 1.579938, 0.000000
-13.805978, -2.446115, 1.578919, 0.000000
-13.804411, -2.425581, 1.576662, 0.000000
-13.801174, -2.400206, 1.577181, 0.000000
-13.804628, -2.339506, 1.576421, 0.000000
-13.801879, -2.320367, 1.579585, 0.000000
-13.803881, -2.279866, 1.578631, 0.000000
-13.803390, -2.230079, 1.577636, 0.000000
-13.802242, -2.173236, 1.577614, 0.000000
-13.803418, -2.108774, 1.576990, 0.000000
-13.798801, -2.045761, 1.579765, 0.000000
-13.798721, -1.979595, 1.578923, 0.000000
-13.797644, -1.935770, 1.580057, 0.000000
-13.800460, -1.932184, 1.579608, 0.000000
-13.797137, -1.863887, 1.579194, 0.000000
-13.796293, -1.859305, 1.579944, 0.000000
-13.798644, -1.810602, 1.580665, 0.000000
-13.794984, -1.745069, 1.579610, 0.000000
-13.797001, -1.715820, 1.578706, 0.000000
-13.793692, -1.676351, 1.579409, 0.000000
-13.793760, -1.629518, 1.580378, 0.000000
-13.800043, -1.576286, 1.578352, 0.000000
-13.799704, -1.534129, 1.578799, 0.000000
-13.798881, -1.479604, 1.578089, 0.000000
-13.800515, -1.435843, 1.580174, 0.000000
-13.806879, -1.405717, 1.580550, 0.000000
-13.807173, -1.332534, 1.580842, 0.000000
-13.806700, -1.321272, 1.581387, 0.000000
-13.819278, -1.239218, 1.587614, 0.000000
-13.826712, -1.227890, 1.587565, 0.000000
-13.821711, -1.193270, 1.586541, 0.000000
-13.823577, -1.157073, 1.586560, 0.000000
-13.826104, -1.102523, 1.588881, 0.000000
-13.829301, -1.091964, 1.583224, 0.000000
-13.831120, -1.049510, 1.584362, 0.000000
-13.834492, -0.976375, 1.583760, 0.000000
-13.834933, -0.952291, 1.580648, 0.000000
-13.831964, -0.893826, 1.581458, 0.000000
-13.834926, -0.850318, 1.581254, 0.000000
-13.834659, -0.754414, 1.582601, 0.000000
-13.835711, -0.727234, 1.581096, 0.000000
-13.836448, -0.656224, 1.583297, 0.000000
-13.831470, -0.647338, 1.578202, 0.000000
-13.825900, -0.561532, 1.580063, 0.000000
-13.823095, -0.491467, 1.579669, 0.000000
-13.820401, -0.468079, 1.581034, 0.000000
-13.820406, -0.364904, 1.578288, 0.000000
-13.813484, -0.286199, 1.579394, 0.000000
-13.822055, -0.258946, 1.582006, 0.000000
-13.828841, -0.199667, 1.586435, 0.000000
-13.828447, -0.139210, 1.584233, 0.000000
-13.831782, -0.085378, 1.586568, 0.000000
-13.827518, 0.007169, 1.585355, 0.000000
-13.828816, 0.026414, 1.586522, 0.000000
-13.820034, 0.092614, 1.585788, 0.000000
-13.818206, 0.166543, 1.587269, 0.000000
-13.814317, 0.216376, 1.586345, 0.000000
-13.805518, 0.302679, 1.583869, 0.000000
-13.805980, 0.328139, 1.583774, 0.000000
-13.812510, 0.427218, 1.585430, 0.000000
-13.803712, 0.469064, 1.585800, 0.000000
-13.808413, 0.540402, 1.584321, 0.000000
-13.821405, 0.638060, 1.584404, 0.000000
-13.828935, 0.783146, 1.586990, 0.000000
-13.828942, 0.846555, 1.585937, 0.000000
-13.830557, 0.987937, 1.588426, 0.000000
-13.829831, 1.047132, 1.587793, 0.000000
-13.827828, 1.164521, 1.587549, 0.000000
-13.828070, 1.249441, 1.587416, 0.000000
-13.822314, 1.373075, 1.587911, 0.000000
-13.828943, 1.403333, 1.586586, 0.000000
-13.831948, 1.498877, 1.589937, 0.000000
-13.835929, 1.560133, 1.590615, 0.000000
-13.835372, 1.583774, 1.590615, 0.000000
-13.836903, 1.639480, 1.590020, 0.000000
-13.841473, 1.733184, 1.591956, 0.000000
-13.846266, 1.788147, 1.588459, 0.000000
-13.848940, 1.837521, 1.591840, 0.000000
-13.851949, 1.881142, 1.590654, 0.000000
-13.852304, 1.937908, 1.591098, 0.000000
-13.858038, 2.003116, 1.590329, 0.000000
-13.858021, 2.028815, 1.588826, 0.000000
-13.857919, 2.059202, 1.585148, 0.000000
-13.852108, 2.087034, 1.586853, 0.000000
-13.850503, 2.148206, 1.587104, 0.000000
-13.846020, 2.190677, 1.588724, 0.000000
-13.847007, 2.227965, 1.585294, 0.000000
-13.846552, 2.262731, 1.584323, 0.000000
-13.851769, 2.304110, 1.582502, 0.000000
-13.851565, 2.348556, 1.579680, 0.000000
-13.840839, 2.369097, 1.575574, 0.000000
-13.844366, 2.444487, 1.581116, 0.000000
-13.851631, 2.495142, 1.580363, 0.000000
-13.831761, 2.542670, 1.571340, 0.000000
-13.811875, 2.598588, 1.563527, 0.000000
-13.817474, 2.634393, 1.569863, 0.000000
-13.827982, 2.673913, 1.572923, 0.000000
-13.833900, 2.713407, 1.568163, 0.000000
-13.837070, 2.725161, 1.572154, 0.000000
-13.829865, 2.807287, 1.570530, 0.000000
-13.803519, 2.836679, 1.556219, 0.000000
-13.791271, 2.903506, 1.551631, 0.000000
-13.771200, 2.952232, 1.545674, 0.000000
-13.764517, 3.008582, 1.544964, 0.000000
-13.758198, 3.058077, 1.543256, 0.000000
-13.756318, 3.091810, 1.542673, 0.000000
-13.756612, 3.168408, 1.544256, 0.000000
-13.756401, 3.236506, 1.544722, 0.000000
-13.753328, 3.255064, 1.544992, 0.000000
-13.754005, 3.301000, 1.566443, 0.000000
-13.771496, 3.390278, 1.589410, 0.000000
-13.793863, 3.455137, 1.645276, 0.000000
-13.820283, 3.491755, 1.689698, 0.000000
-13.822985, 3.628178, 1.755795, 0.000000
-13.869369, 3.750153, 1.827015, 0.000000
-13.901438, 3.824465, 1.863814, 0.000000
-13.901564, 3.871012, 1.889312, 0.000000
-13.983192, 3.931943, 2.017676, 0.000000
-14.048213, 4.016653, 2.061094, 0.000000
-14.121005, 4.067687, 2.156433, 0.000000
-14.164541, 4.128191, 2.231240, 0.000000
-14.242801, 4.182806, 2.276002, 0.000000
-14.259360, 4.208896, 2.289087, 0.000000
-14.330481, 4.250796, 2.383102, 0.000000
-14.430111, 4.300934, 2.479822, 0.000000
-14.474339, 4.317068, 2.492231, 0.000000
-14.570384, 4.347537, 2.613426, 0.000000
-14.635539, 4.352972, 2.657829, 0.000000
-14.665639, 4.352049, 2.709900, 0.000000
-14.730204, 4.368024, 2.775566, 0.000000
-14.719939, 4.348910, 2.778174, 0.000000
-14.514133, 4.370023, 2.523795, 0.000000
-14.498808, 4.426165, 2.458865, 0.000000
-14.558281, 4.445052, 2.493817, 0.000000
-14.613444, 4.450718, 2.572644, 0.000000
-14.647070, 4.429056, 2.634807, 0.000000
-14.677460, 4.412498, 2.637241, 0.000000
-14.716960, 4.403875, 2.716546, 0.000000
-14.665640, 4.472941, 2.519655, 0.000000
-14.380189, 4.732856, 1.892784, 0.000000
-14.204644, 4.862471, 1.664400, 0.000000
-14.155298, 4.887678, 1.665154, 0.000000
-14.138980, 4.901955, 1.681318, 0.000000
-14.131688, 4.927015, 1.675881, 0.000000
-14.125319, 4.951782, 1.686595, 0.000000
-14.126550, 4.978778, 1.683050, 0.000000
-14.126846, 5.005258, 1.687597, 0.000000
-14.121621, 5.026902, 1.683261, 0.000000
-14.119683, 5.054733, 1.686450, 0.000000
-14.116469, 5.079424, 1.690166, 0.000000
-14.119549, 5.107667, 1.676365, 0.000000
-14.118759, 5.122850, 1.678916, 0.000000
-14.114498, 5.134128, 1.682246, 0.000000
-14.115845, 5.149343, 1.678040, 0.000000
-14.111839, 5.164560, 1.679921, 0.000000
-14.113392, 5.187549, 1.672776, 0.000000
-14.109542, 5.206338, 1.679770, 0.000000
-14.110383, 5.229152, 1.664511, 0.000000
-14.110584, 5.256958, 1.669979, 0.000000
-14.102620, 5.288631, 1.682128, 0.000000
-14.084903, 5.341547, 1.708306, 0.000000
-14.082773, 5.380347, 1.705516, 0.000000
-14.085476, 5.444928, 1.708140, 0.000000
-14.074185, 5.512881, 1.717067, 0.000000
-14.057905, 5.616555, 1.738385, 0.000000
-13.999471, 5.794686, 1.793051, 0.000000
-13.941788, 5.940278, 1.805108, 0.000000
-13.921269, 6.028140, 1.767042, 0.000000
-13.893290, 6.115832, 1.757019, 0.000000
-13.905950, 6.203399, 1.689973, 0.000000
-13.906029, 6.292356, 1.630190, 0.000000
-13.893603, 6.376796, 1.587273, 0.000000
-13.878983, 6.461656, 1.534894, 0.000000
-13.861245, 6.528089, 1.477420, 0.000000
-13.822531, 6.635032, 1.416792, 0.000000
-13.774933, 6.727741, 1.388445, 0.000000
-13.744284, 6.810635, 1.332907, 0.000000
-13.734225, 6.896717, 1.336343, 0.000000
-13.734362, 6.965607, 1.336307, 0.000000
-13.732458, 6.982500, 1.335678, 0.000000
-13.731074, 6.979963, 1.334446, 0.000000
-13.733085, 6.985402, 1.334792, 0.000000
-13.730908, 6.988474, 1.334659, 0.000000
-13.728969, 6.988683, 1.334735, 0.000000
-13.730982, 6.994896, 1.335313, 0.000000
-13.732333, 6.999505, 1.335374, 0.000000
-13.734128, 7.000701, 1.335775, 0.000000
-13.733448, 7.003293, 1.334754, 0.000000
-13.733587, 7.005331, 1.334361, 0.000000
-13.732351, 7.010409, 1.334272, 0.000000
-13.731569, 7.019155, 1.335091, 0.000000
-13.731429, 7.024104, 1.335661, 0.000000
-13.722096, 7.023201, 1.335889, 0.000000
-13.716750, 7.031072, 1.337331, 0.000000
-13.706030, 7.053045, 1.340360, 0.000000
-13.699022, 7.064898, 1.339487, 0.000000
-13.698978, 7.102559, 1.340127, 0.000000
-13.683333, 7.143263, 1.344609, 0.000000
-13.669649, 7.184275, 1.346509, 0.000000
-13.655935, 7.249501, 1.345682, 0.000000
-13.647361, 7.267609, 1.347933, 0.000000
-13.635056, 7.319711, 1.345618, 0.000000
-13.626142, 7.339358, 1.346115, 0.000000
-13.612940, 7.401217, 1.344806, 0.000000
-13.624798, 7.459994, 1.340757, 0.000000
-13.627036, 7.520221, 1.341782, 0.000000
-13.633715, 7.555947, 1.339839, 0.000000
-13.618712, 7.596557, 1.353420, 0.000000
-13.595294, 7.680156, 1.385450, 0.000000
-13.627808, 7.722175, 1.436404, 0.000000
-13.615984, 7.754900, 1.482468, 0.000000
-13.611537, 7.808826, 1.482757, 0.000000
-13.632032, 7.843407, 1.547284, 0.000000
-13.642989, 7.897624, 1.621294, 0.000000
-13.684292, 8.007334, 1.695164, 0.000000
-13.713796, 8.086251, 1.703134, 0.000000
-13.736611, 8.158630, 1.796189, 0.000000
-13.801597, 8.228328, 1.864808, 0.000000
-13.814539, 8.314229, 1.901978, 0.000000
-13.864891, 8.386189, 1.965341, 0.000000
-13.919244, 8.456767, 2.018184, 0.000000
-13.949901, 8.500952, 2.051621, 0.000000
-13.968557, 8.548006, 2.056879, 0.000000
-13.970417, 8.577061, 2.055619, 0.000000
-13.972196, 8.591809, 2.057848, 0.000000
-13.968326, 8.597192, 2.056844, 0.000000
-13.971553, 8.604906, 2.057179, 0.000000
-13.972231, 8.633293, 2.056759, 0.000000
-13.969324, 8.627702, 2.056247, 0.000000
-13.970940, 8.647969, 2.056872, 0.000000
-13.967850, 8.667059, 2.056415, 0.000000
-13.970495, 8.674491, 2.057083, 0.000000
-13.972950, 8.687720, 2.056905, 0.000000
-13.971503, 8.695617, 2.056541, 0.000000
-13.968423, 8.706445, 2.057131, 0.000000
-13.970816, 8.726971, 2.057431, 0.000000
-13.976312, 8.736126, 2.054802, 0.000000
-13.977464, 8.756237, 2.054586, 0.000000
-13.989254, 8.774978, 2.041459, 0.000000
-13.989764, 8.788350, 2.043265, 0.000000
-13.992113, 8.807738, 2.042441, 0.000000
-14.000224, 8.825890, 2.044782, 0.000000
-14.008585, 8.862346, 2.042984, 0.000000
-14.023571, 8.901403, 2.043782, 0.000000
-14.040942, 8.942694, 2.045047, 0.000000
-14.057157, 8.982580, 2.046600, 0.000000
-14.087007, 9.028178, 2.043348, 0.000000
-14.108845, 9.066507, 2.047108, 0.000000
-14.126958, 9.134934, 2.045899, 0.000000
-14.137079, 9.174840, 2.041720, 0.000000
-14.148441, 9.223305, 2.044264, 0.000000
-14.208291, 9.291868, 2.052506, 0.000000
-14.237285, 9.342546, 2.051123, 0.000000
-14.267406, 9.438134, 2.043565, 0.000000
-14.280962, 9.513727, 2.010043, 0.000000
-14.260209, 9.551890, 1.985458, 0.000000
-14.287965, 9.651779, 1.946591, 0.000000
-14.290040, 9.740199, 1.856829, 0.000000
-14.274726, 9.824222, 1.791758, 0.000000
-14.289268, 9.881257, 1.752899, 0.000000
-14.269674, 9.927738, 1.687220, 0.000000
-14.258448, 9.982117, 1.655740, 0.000000
-14.257348, 10.043150, 1.654420, 0.000000
-14.214930, 10.172056, 1.512495, 0.000000
-14.173105, 10.229414, 1.472175, 0.000000
-14.145868, 10.305420, 1.429864, 0.000000
-14.147242, 10.375990, 1.387071, 0.000000
-14.097246, 10.455305, 1.305390, 0.000000
-14.041955, 10.559033, 1.249919, 0.000000
-13.999627, 10.604013, 1.196737, 0.000000
-13.980348, 10.666711, 1.151515, 0.000000
-13.946954, 10.689556, 1.153229, 0.000000
-13.940381, 10.699492, 1.139994, 0.000000
-13.941615, 10.697291, 1.141537, 0.000000
-13.931024, 10.691665, 1.156912, 0.000000
-13.931538, 10.686211, 1.158292, 0.000000
-13.940834, 10.686488, 1.137486, 0.000000
-13.938635, 10.690492, 1.137692, 0.000000
-13.938644, 10.681008, 1.139424, 0.000000
-13.934446, 10.670621, 1.139102, 0.000000
-13.927478, 10.665113, 1.155577, 0.000000
-13.930316, 10.660768, 1.157184, 0.000000
-13.938426, 10.657166, 1.136532, 0.000000
-13.942200, 10.657151, 1.138680, 0.000000
-13.950890, 10.663319, 1.147254, 0.000000
-13.961640, 10.668279, 1.152167, 0.000000
-13.962263, 10.681624, 1.160623, 0.000000
-13.936197, 10.699625, 1.135122, 0.000000
-13.928422, 10.707511, 1.138287, 0.000000
-13.910728, 10.756473, 1.150393, 0.000000
-13.904815, 10.784902, 1.155887, 0.000000
-13.898160, 10.812733, 1.158820, 0.000000
-13.887538, 10.865366, 1.166782, 0.000000
-13.879690, 10.885357, 1.169179, 0.000000
-13.853799, 10.952135, 1.175336, 0.000000
-13.838553, 10.973304, 1.174213, 0.000000
-13.777109, 11.046838, 1.158631, 0.000000
-13.758385, 11.072955, 1.156043, 0.000000
-13.740255, 11.097161, 1.158069, 0.000000
-13.727375, 11.139730, 1.162224, 0.000000
-13.726658, 11.190842, 1.180369, 0.000000
-13.706174, 11.238118, 1.188956, 0.000000
-13.685502, 11.298049, 1.239896, 0.000000
-13.678046, 11.388670, 1.284764, 0.000000
-13.682990, 11.432128, 1.289841, 0.000000
-13.700412, 11.499624, 1.390490, 0.000000
-13.681324, 11.548489, 1.454847, 0.000000
-13.717142, 11.609404, 1.497048, 0.000000
-13.710756, 11.662568, 1.555847, 0.000000
-13.730871, 11.766003, 1.595243, 0.000000
-13.766089, 11.803349, 1.658205, 0.000000
-13.789631, 11.898737, 1.700129, 0.000000
-13.836375, 11.977433, 1.785953, 0.000000
-13.857689, 12.047007, 1.811517, 0.000000
-13.900006, 12.095076, 1.895012, 0.000000
-13.920107, 12.117536, 1.899017, 0.000000
-13.938119, 12.137833, 1.901432, 0.000000
-13.938531, 12.142547, 1.904138, 0.000000
-13.938491, 12.140090, 1.902105, 0.000000
-13.938650, 12.137897, 1.903008, 0.000000
-13.935913, 12.135066, 1.900524, 0.000000
-13.937350, 12.137134, 1.903351, 0.000000
-13.936691, 12.134666, 1.900610, 0.000000
-13.936636, 12.132286, 1.902965, 0.000000
-13.935606, 12.129569, 1.902386, 0.000000
-13.935481, 12.129276, 1.903592, 0.000000
-13.933421, 12.124891, 1.900831, 0.000000
-13.932622, 12.126731, 1.902500, 0.000000
-13.937188, 12.129154, 1.899984, 0.000000
-13.938354, 12.130445, 1.901226, 0.000000
-13.938964, 12.132445, 1.902643, 0.000000
-13.940786, 12.138618, 1.901188, 0.000000
-13.942174, 12.144399, 1.904319, 0.000000
-13.944598, 12.143955, 1.904046, 0.000000
-13.940990, 12.143502, 1.903362, 0.000000
-13.943277, 12.145209, 1.902680, 0.000000
-13.939424, 12.141377, 1.903967, 0.000000
-13.939310, 12.142011, 1.903778, 0.000000
-13.940505, 12.145253, 1.903837, 0.000000
-13.921628, 12.155450, 1.886510, 0.000000
-13.917092, 12.170917, 1.886696, 0.000000
-13.914233, 12.195754, 1.883774, 0.000000
-13.912112, 12.209139, 1.883409, 0.000000
-13.918895, 12.228695, 1.881688, 0.000000
-13.931851, 12.247284, 1.880206, 0.000000
-13.945654, 12.272722, 1.883402, 0.000000
-13.956126, 12.297601, 1.884631, 0.000000
-13.952322, 12.348463, 1.878513, 0.000000
-13.967867, 12.399672, 1.879422, 0.000000
-13.982911, 12.459333, 1.873246, 0.000000
-13.996603, 12.508932, 1.879631, 0.000000
-14.012630, 12.566968, 1.875633, 0.000000
-14.041083, 12.643433, 1.878068, 0.000000
-14.070329, 12.706691, 1.890536, 0.000000
-14.096496, 12.777620, 1.896625, 0.000000
-14.136583, 12.832410, 1.898931, 0.000000
-14.161298, 12.866009, 1.906664, 0.000000
-14.180120, 12.886959, 1.916251, 0.000000
-14.196679, 12.893305, 1.922942, 0.000000
-14.198544, 12.891010, 1.922142, 0.000000
-14.200809, 12.890822, 1.924947, 0.000000
-14.207162, 12.892106, 1.923998, 0.000000
-14.210856, 12.892935, 1.928351, 0.000000
-14.209423, 12.892973, 1.925838, 0.000000
-14.210182, 12.893667, 1.925514, 0.000000
-14.210606, 12.893731, 1.929558, 0.000000
-14.208171, 12.893023, 1.925719, 0.000000
-14.209697, 12.894676, 1.926381, 0.000000
-14.211707, 12.894145, 1.928409, 0.000000
-14.205125, 12.890575, 1.926376, 0.000000
-14.204091, 12.892300, 1.922855, 0.000000
-14.201421, 12.892179, 1.923338, 0.000000
-14.202787, 12.891970, 1.923091, 0.000000
-14.206597, 12.895937, 1.926713, 0.000000
-14.208313, 12.892388, 1.926614, 0.000000
-14.210619, 12.893624, 1.929319, 0.000000
-14.213639, 12.893549, 1.924880, 0.000000
-14.222813, 12.909060, 1.930929, 0.000000
-14.229830, 12.919088, 1.930426, 0.000000
-14.250260, 12.930997, 1.925409, 0.000000
-14.272041, 12.953240, 1.927798, 0.000000
-14.277331, 12.956299, 1.931134, 0.000000
-14.290718, 12.973493, 1.928054, 0.000000
-14.300409, 13.000516, 1.923745, 0.000000
-14.297561, 13.022831, 1.915114, 0.000000
-14.300393, 13.042676, 1.918693, 0.000000
-14.311086, 13.065080, 1.929441, 0.000000
-14.325086, 13.070386, 1.956557, 0.000000
-14.334702, 13.071933, 1.954039, 0.000000
-14.334899, 13.074910, 1.957188, 0.000000
-14.339164, 13.070155, 1.954942, 0.000000
-14.331672, 13.060640, 1.951779, 0.000000
-14.334994, 13.053678, 1.951181, 0.000000
-14.332879, 13.050687, 1.948874, 0.000000
-14.333705, 13.048773, 1.949002, 0.000000
-14.332066, 13.048014, 1.948307, 0.000000
-14.334102, 13.049085, 1.949098, 0.000000
-14.334352, 13.046260, 1.948030, 0.000000
-14.328913, 13.046265, 1.948719, 0.000000
-14.332368, 13.047203, 1.945561, 0.000000
-14.331980, 13.047208, 1.949743, 0.000000
-14.330799, 13.046065, 1.948151, 0.000000
-14.335040, 13.046903, 1.948817, 0.000000
-14.330858, 13.047677, 1.949937, 0.000000
-14.329269, 13.047018, 1.950067, 0.000000
-14.331131, 13.046704, 1.947598, 0.000000
-14.335536, 13.048005, 1.949566, 0.000000
-14.332414, 13.045541, 1.949580, 0.000000
-14.333548, 13.049609, 1.948983, 0.000000
-14.332101, 13.047695, 1.948511, 0.000000
-14.334851, 13.046534, 1.948691, 0.000000
-14.332189, 13.044771, 1.947262, 0.000000
-14.331395, 13.044352, 1.947316, 0.000000
-14.331969, 13.045770, 1.948500, 0.000000
-14.330852, 13.047657, 1.948667, 0.000000
-14.330017, 13.045802, 1.946899, 0.000000
-14.334179, 13.045434, 1.946402, 0.000000
-14.329657, 13.043249, 1.947732, 0.000000
-14.330192, 13.044463, 1.949020, 0.000000
-14.330685, 13.046822, 1.948722, 0.000000
-14.337686, 13.057317, 1.948749, 0.000000
-14.336844, 13.063424, 1.944137, 0.000000
-14.338980, 13.085442, 1.948657, 0.000000
-14.340139, 13.088456, 1.948054, 0.000000
-14.343094, 13.105253, 1.945841, 0.000000
-14.345903, 13.119161, 1.941416, 0.000000
-14.353079, 13.143219, 1.939800, 0.000000
-14.362622, 13.172474, 1.938629, 0.000000
-14.360437, 13.192156, 1.939651, 0.000000
-14.367509, 13.229489, 1.941454, 0.000000
-14.380487, 13.266928, 1.941882, 0.000000
-14.382062, 13.287373, 1.937671, 0.000000
-14.386367, 13.317036, 1.953253, 0.000000
-14.402429, 13.351721, 1.960567, 0.000000
-14.420801, 13.387395, 2.001920, 0.000000
-14.462515, 13.441406, 2.048196, 0.000000
-14.516827, 13.491725, 2.093129, 0.000000
-14.586884, 13.550372, 2.165665, 0.000000
-14.644081, 13.589725, 2.190704, 0.000000
-14.721499, 13.649257, 2.279237, 0.000000
-14.754564, 13.672103, 2.301436, 0.000000
-14.799957, 13.701624, 2.351797, 0.000000
-14.840554, 13.722517, 2.390130, 0.000000
-14.918816, 13.762877, 2.456858, 0.000000
-14.957240, 13.772171, 2.488350, 0.000000
-14.998839, 13.799198, 2.566340, 0.000000
-15.048651, 13.818655, 2.617079, 0.000000
-15.094033, 13.833730, 2.635902, 0.000000
-15.156993, 13.847483, 2.701676, 0.000000
-15.185607, 13.859265, 2.740333, 0.000000
-15.210745, 13.867171, 2.772061, 0.000000
-15.260402, 13.870372, 2.822992, 0.000000
-15.307533, 13.874183, 2.855201, 0.000000
-15.345559, 13.874572, 2.941373, 0.000000
-15.388346, 13.874946, 2.976052, 0.000000
-15.430048, 13.871749, 3.021748, 0.000000
-15.469101, 13.862700, 3.053061, 0.000000
-15.492632, 13.855554, 3.057853, 0.000000
-15.503581, 13.847511, 3.061912, 0.000000
-15.510470, 13.842212, 3.067745, 0.000000
-15.504264, 13.838031, 3.063914, 0.000000
-15.498011, 13.836818, 3.066245, 0.000000
-15.493110, 13.835834, 3.066325, 0.000000
-15.486293, 13.836647, 3.065136, 0.000000
-15.484149, 13.836782, 3.061697, 0.000000
-15.481570, 13.838038, 3.062221, 0.000000
-15.482699, 13.835508, 3.062909, 0.000000
-15.477253, 13.835134, 3.063285, 0.000000
-15.478812, 13.832798, 3.062071, 0.000000
-15.483131, 13.831239, 3.065022, 0.000000
-15.479833, 13.830640, 3.064816, 0.000000
-15.478086, 13.832189, 3.064225, 0.000000
-15.475228, 13.833015, 3.061546, 0.000000
-15.482203, 13.832816, 3.067682, 0.000000
-15.487500, 13.834044, 3.062301, 0.000000
-15.498636, 13.835332, 3.067190, 0.000000
-15.508209, 13.838216, 3.067547, 0.000000
-15.528075, 13.837431, 3.067595, 0.000000
-15.550501, 13.842339, 3.065768, 0.000000
-15.577915, 13.845487, 3.069255, 0.000000
-15.625878, 13.846861, 3.048525, 0.000000
-15.656137, 13.852092, 3.050102, 0.000000
-15.692049, 13.859385, 3.047281, 0.000000
-15.721074, 13.869180, 3.052470, 0.000000
-15.753636, 13.875647, 3.049324, 0.000000
-15.772931, 13.879957, 3.046070, 0.000000
-15.801813, 13.887657, 3.045899, 0.000000
-15.814378, 13.892378, 3.041873, 0.000000
-15.840103, 13.898699, 3.037159, 0.000000
-15.863306, 13.905470, 3.037420, 0.000000
-15.891265, 13.913263, 3.032580, 0.000000
-15.930895, 13.920232, 3.012939, 0.000000
-15.976041, 13.927291, 3.016093, 0.000000
-15.996860, 13.932655, 3.009854, 0.000000
-16.025814, 13.941479, 3.011884, 0.000000
-16.054853, 13.950823, 3.000909, 0.000000
-16.080386, 13.956956, 2.998950, 0.000000
-16.106692, 13.967476, 2.991159, 0.000000
-16.110749, 13.976353, 2.977416, 0.000000
-16.127555, 13.984108, 2.975880, 0.000000
-16.149396, 13.993912, 2.970071, 0.000000
-16.166590, 14.002534, 2.966390, 0.000000
-16.179540, 14.008350, 2.949680, 0.000000
-16.206939, 14.022344, 2.924306, 0.000000
-16.216133, 14.032141, 2.906178, 0.000000
-16.232046, 14.040523, 2.891245, 0.000000
-16.250407, 14.050649, 2.884018, 0.000000
-16.259390, 14.055673, 2.861141, 0.000000
-16.259329, 14.059645, 2.855117, 0.000000
-16.267370, 14.065686, 2.839660, 0.000000
-16.279679, 14.074638, 2.825951, 0.000000
-16.277011, 14.077969, 2.815715, 0.000000
-16.276024, 14.079428, 2.804109, 0.000000
-16.273312, 14.079505, 2.809514, 0.000000
-16.263335, 14.074924, 2.821126, 0.000000
-16.245284, 14.065704, 2.837607, 0.000000
-16.210803, 14.051159, 2.869552, 0.000000
-16.173971, 14.036192, 2.903127, 0.000000
-16.146580, 14.019545, 2.935553, 0.000000
-16.112196, 14.007365, 2.965955, 0.000000
-16.090326, 13.997432, 2.983909, 0.000000
-16.053037, 13.992321, 3.012883, 0.000000
-16.042352, 13.990379, 3.015956, 0.000000
-16.028713, 14.018973, 2.868549, 0.000000
-15.978308, 14.236683, 1.803694, 0.000000
-15.858739, 14.561119, 0.250415, 0.000000
-15.768887, 14.606244, 0.052924, 0.000000
-15.681166, 14.616328, 0.027007, 0.000000
-15.621825, 14.622316, 0.019391, 0.000000
-15.555336, 14.628200, 0.013902, 0.000000
-15.490790, 14.633735, 0.006706, 0.000000
-15.444321, 14.637009, -0.000245, 0.000000
-15.385995, 14.642606, -0.006257, 0.000000
-15.320216, 14.647841, -0.009715, 0.000000
-15.256631, 14.653183, -0.013449, 0.000000
-15.182168, 14.659900, -0.008955, 0.000000
-15.114696, 14.664782, -0.011091, 0.000000
-15.044775, 14.669565, -0.015819, 0.000000
-14.966158, 14.676821, -0.018581, 0.000000
-14.890776, 14.677841, -0.018957, 0.000000
-14.824372, 14.678258, -0.018709, 0.000000
-14.749060, 14.679252, -0.023384, 0.000000
-14.688700, 14.676358, -0.024996, 0.000000
-14.630330, 14.676357, -0.023849, 0.000000
-14.574260, 14.676084, -0.027712, 0.000000
-14.511502, 14.674292, -0.031237, 0.000000
-14.469700, 14.668767, -0.035264, 0.000000
-14.423896, 14.666484, -0.039213, 0.000000
-14.387193, 14.664428, -0.031514, 0.000000
-14.337086, 14.663116, -0.036692, 0.000000
-14.278796, 14.660109, -0.041733, 0.000000
-14.239394, 14.657941, -0.046476, 0.000000
-14.217843, 14.654850, -0.051533, 0.000000
-14.185587, 14.652568, -0.049462, 0.000000
-14.142350, 14.647466, -0.053523, 0.000000
-14.107960, 14.645100, -0.053061, 0.000000
-14.084245, 14.643112, -0.052085, 0.000000
-14.050610, 14.641004, -0.051208, 0.000000
-13.993580, 14.638519, -0.057181, 0.000000
-14.020638, 14.639032, -0.056245, 0.000000
-13.955775, 14.634307, -0.058909, 0.000000
-13.947928, 14.631530, -0.059117, 0.000000
-13.926148, 14.626144, -0.064677, 0.000000
-13.931615, 14.624670, -0.064710, 0.000000
-13.908243, 14.623100, -0.067401, 0.000000
-13.881547, 14.620134, -0.066225, 0.000000
-13.869576, 14.617131, -0.065642, 0.000000
-13.839582, 14.609022, -0.072443, 0.000000
-13.843703, 14.608234, -0.070006, 0.000000
-13.831528, 14.604827, -0.066710, 0.000000
-13.827487, 14.601064, -0.071681, 0.000000
-13.814617, 14.597053, -0.072765, 0.000000
-13.791070, 14.594358, -0.074893, 0.000000
-13.775124, 14.594001, -0.075758, 0.000000
-13.720333, 14.589414, -0.078762, 0.000000
-13.701102, 14.584156, -0.083902, 0.000000
-13.680096, 14.579652, -0.082463, 0.000000
-13.654645, 14.574039, -0.081939, 0.000000
-13.638566, 14.569492, -0.081241, 0.000000
-13.613835, 14.563600, -0.085827, 0.000000
-13.600056, 14.558628, -0.085495, 0.000000
-13.557212, 14.553764, -0.091889, 0.000000
-13.546559, 14.550248, -0.089121, 0.000000
-13.517775, 14.546122, -0.090239, 0.000000
-13.508842, 14.544259, -0.090148, 0.000000
-13.470212, 14.539254, -0.094948, 0.000000
-13.406036, 14.534985, -0.087332, 0.000000
-13.401155, 14.540372, -0.058915, 0.000000
-13.382397, 14.544527, -0.055546, 0.000000
-13.365766, 14.551386, -0.008070, 0.000000
-13.342785, 14.569011, 0.056263, 0.000000
-13.343495, 14.593019, 0.110519, 0.000000
-13.373802, 14.611361, 0.121510, 0.000000
-13.386062, 14.631592, 0.181837, 0.000000
-13.383942, 14.671193, 0.264062, 0.000000
-13.401775, 14.704672, 0.304800, 0.000000
-13.410842, 14.738629, 0.363730, 0.000000
-13.410932, 14.783197, 0.416449, 0.000000
-13.419254, 14.825872, 0.466926, 0.000000
-13.430179, 14.877830, 0.518676, 0.000000
-13.448172, 14.929733, 0.575076, 0.000000
-13.467848, 14.976043, 0.614486, 0.000000
-13.484974, 15.022391, 0.644006, 0.000000
-13.500797, 15.068601, 0.659788, 0.000000
-13.512295, 15.119916, 0.670259, 0.000000
-13.525737, 15.154776, 0.667126, 0.000000
-13.544222, 15.194827, 0.624445, 0.000000
-13.560226, 15.225232, 0.593098, 0.000000
-13.591329, 15.254255, 0.580767, 0.000000
-13.637865, 15.267312, 0.584667, 0.000000
-13.684418, 15.281020, 0.580530, 0.000000
-13.724498, 15.289205, 0.586711, 0.000000
-13.761710, 15.293946, 0.590416, 0.000000
-13.815722, 15.299259, 0.597385, 0.000000
-13.859120, 15.302804, 0.591410, 0.000000
-13.894913, 15.306662, 0.595843, 0.000000
-13.923960, 15.309156, 0.598347, 0.000000
-13.951325, 15.308800, 0.605423, 0.000000
-13.969431, 15.309456, 0.607036, 0.000000
-13.993285, 15.310919, 0.605882, 0.000000
-14.019896, 15.313519, 0.607530, 0.000000
-14.042955, 15.313361, 0.608101, 0.000000
-14.070046, 15.315539, 0.609556, 0.000000
-14.092736, 15.315601, 0.609679, 0.000000
-14.113016, 15.316390, 0.610825, 0.000000
-14.146805, 15.317613, 0.619082, 0.000000
-14.168436, 15.320016, 0.616384, 0.000000
-14.189775, 15.321392, 0.617103, 0.000000
-14.210426, 15.322597, 0.622087, 0.000000
-14.228772, 15.320931, 0.621167, 0.000000
-14.240364, 15.319694, 0.626138, 0.000000
-14.257829, 15.320674, 0.620502, 0.000000
-14.275010, 15.320091, 0.622890, 0.000000
-14.295286, 15.317971, 0.627948, 0.000000
-14.311674, 15.318913, 0.634778, 0.000000
-14.331374, 15.316565, 0.632010, 0.000000
-14.345618, 15.316312, 0.635357, 0.000000
-14.348525, 15.320868, 0.625798, 0.000000
-14.360405, 15.324952, 0.626116, 0.000000
-14.346505, 15.333416, 0.623819, 0.000000
-14.332208, 15.353999, 0.617195, 0.000000
-14.314994, 15.374665, 0.615660, 0.000000
-14.315344, 15.386490, 0.618499, 0.000000
-14.292874, 15.413609, 0.612855, 0.000000
-14.281107, 15.432318, 0.625631, 0.000000
-14.267327, 15.447937, 0.614678, 0.000000
-14.229669, 15.477918, 0.613507, 0.000000
-14.209562, 15.507207, 0.593283, 0.000000
-14.177638, 15.533627, 0.560678, 0.000000
-14.178105, 15.549065, 0.511117, 0.000000
-14.158166, 15.568852, 0.475753, 0.000000
-14.148846, 15.578273, 0.470935, 0.000000
-14.140831, 15.587699, 0.416744, 0.000000
-14.130418, 15.593961, 0.374721, 0.000000
-14.126354, 15.599483, 0.340036, 0.000000
-14.125723, 15.599973, 0.319393, 0.000000
-14.131551, 15.599748, 0.290531, 0.000000
-14.135778, 15.597317, 0.266663, 0.000000
-14.132460, 15.596201, 0.238588, 0.000000
-14.132642, 15.593124, 0.214527, 0.000000
-14.125918, 15.590647, 0.192378, 0.000000
-14.126157, 15.587892, 0.165019, 0.000000
-14.131243, 15.588365, 0.144513, 0.000000
-14.125662, 15.582235, 0.117613, 0.000000
-14.155291, 15.576726, 0.085910, 0.000000
-14.120155, 15.568383, 0.045957, 0.000000
-14.131108, 15.561858, 0.048650, 0.000000
-14.059023, 15.546112, -0.050943, 0.000000
-14.044086, 15.529773, -0.097181, 0.000000
-14.024163, 15.515081, -0.106720, 0.000000
-14.020966, 15.498567, -0.155628, 0.000000
-13.999404, 15.471627, -0.222662, 0.000000
-13.982493, 15.443367, -0.268782, 0.000000
-13.965277, 15.414016, -0.328797, 0.000000
-13.941727, 15.378347, -0.375243, 0.000000
-13.902971, 15.330944, -0.443409, 0.000000
-13.909196, 15.305364, -0.488852, 0.000000
-13.901059, 15.276329, -0.528680, 0.000000
-13.919963, 15.260947, -0.535515, 0.000000
-13.906512, 15.224615, -0.554612, 0.000000
-13.926057, 15.212472, -0.551489, 0.000000
-13.953787, 15.204931, -0.551092, 0.000000
-13.985390, 15.202628, -0.549300, 0.000000
-14.016443, 15.200886, -0.553559, 0.000000
-14.044971, 15.200221, -0.549324, 0.000000
-14.079924, 15.201885, -0.547526, 0.000000
-14.112433, 15.204709, -0.539093, 0.000000
-14.153994, 15.205108, -0.537043, 0.000000
-14.182887, 15.203677, -0.539980, 0.000000
-14.223308, 15.201394, -0.539679, 0.000000
-14.254487, 15.203094, -0.529104, 0.000000
-14.284890, 15.199877, -0.531346, 0.000000
-14.301408, 15.200886, -0.535221, 0.000000
-14.317721, 15.196842, -0.526933, 0.000000
-14.333273, 15.195034, -0.529625, 0.000000
-14.359720, 15.194243, -0.523993, 0.000000
-14.380900, 15.192721, -0.525581, 0.000000
-14.396532, 15.192470, -0.527140, 0.000000
-14.415343, 15.193809, -0.523974, 0.000000
-14.417193, 15.194689, -0.521037, 0.000000
-14.421677, 15.197020, -0.523007, 0.000000
-14.426490, 15.197220, -0.521112, 0.000000
-14.434132, 15.198410, -0.521633, 0.000000
-14.439751, 15.199128, -0.518286, 0.000000
-14.447145, 15.198042, -0.517363, 0.000000
-14.440233, 15.193751, -0.522735, 0.000000
-14.435430, 15.189450, -0.521833, 0.000000
-14.436824, 15.181925, -0.516722, 0.000000
-14.432487, 15.178421, -0.520033, 0.000000
-14.419956, 15.165145, -0.521744, 0.000000
-14.414549, 15.158254, -0.513425, 0.000000
-14.404079, 15.148555, -0.504519, 0.000000
-14.394844, 15.144291, -0.500372, 0.000000
-14.374152, 15.135225, -0.469481, 0.000000
-14.352659, 15.127583, -0.458453, 0.000000
-14.341080, 15.121743, -0.423078, 0.000000
-14.325498, 15.117800, -0.391926, 0.000000
-14.312325, 15.114268, -0.368969, 0.000000
-14.300219, 15.113432, -0.340395, 0.000000
-14.291436, 15.113752, -0.307100, 0.000000
-14.270258, 15.112323, -0.276629, 0.000000
-14.254495, 15.112816, -0.251099, 0.000000
-14.236719, 15.112362, -0.210582, 0.000000
-14.216844, 15.116767, -0.187571, 0.000000
-14.201126, 15.120500, -0.139810, 0.000000
-14.189295, 15.130539, -0.105061, 0.000000
-14.166150, 15.142075, -0.054593, 0.000000
-14.147648, 15.151180, -0.049668, 0.000000
-14.139183, 15.166868, 0.024620, 0.000000
-14.119459, 15.183646, 0.071717, 0.000000
-14.109790, 15.205360, 0.117489, 0.000000
-14.085789, 15.224412, 0.126365, 0.000000
-14.075159, 15.246610, 0.166613, 0.000000
-14.052972, 15.266437, 0.174381, 0.000000
-14.051301, 15.280826, 0.163148, 0.000000
-14.032519, 15.292237, 0.138683, 0.000000
-14.018546, 15.301216, 0.105431, 0.000000
-14.007851, 15.303702, 0.054647, 0.000000
-13.993921, 15.297260, 0.001460, 0.000000
-13.976867, 15.290189, -0.044837, 0.000000
-13.957064, 15.276887, -0.093300, 0.000000
-13.919509, 15.255478, -0.148158, 0.000000
-13.942523, 15.246389, -0.178007, 0.000000
-13.952646, 15.234632, -0.181146, 0.000000
-13.981870, 15.226970, -0.180752, 0.000000
-14.013911, 15.223014, -0.181684, 0.000000
-14.052460, 15.222915, -0.175935, 0.000000
-14.097578, 15.219056, -0.173618, 0.000000
-14.141890, 15.215634, -0.175427, 0.000000
-14.174447, 15.215595, -0.173253, 0.000000
-14.204319, 15.216480, -0.170913, 0.000000
-14.236004, 15.219025, -0.166889, 0.000000
-14.278607, 15.221672, -0.160144, 0.000000
-14.300659, 15.222153, -0.159809, 0.000000
-14.330276, 15.221637, -0.157854, 0.000000
-14.356444, 15.217941, -0.155267, 0.000000
-14.378593, 15.216220, -0.155388, 0.000000
-14.400313, 15.214114, -0.148298, 0.000000
-14.412166, 15.214017, -0.157866, 0.000000
-14.423003, 15.214157, -0.154229, 0.000000
-14.434536, 15.215637, -0.155131, 0.000000
-14.443968, 15.214759, -0.147327, 0.000000
-14.453540, 15.215365, -0.150642, 0.000000
-14.455476, 15.214830, -0.150555, 0.000000
-14.464704, 15.218315, -0.147143, 0.000000
-14.472876, 15.216463, -0.148433, 0.000000
-14.475133, 15.216602, -0.149944, 0.000000
-14.475946, 15.217827, -0.151678, 0.000000
-14.482565, 15.217137, -0.148742, 0.000000
-14.486286, 15.216796, -0.145506, 0.000000
-14.487833, 15.216819, -0.150440, 0.000000
-14.481768, 15.211992, -0.150177, 0.000000
-14.468652, 15.208706, -0.151507, 0.000000
-14.456286, 15.208118, -0.151456, 0.000000
-14.444047, 15.206898, -0.154679, 0.000000
-14.437890, 15.201024, -0.147020, 0.000000
-14.434384, 15.199585, -0.151449, 0.000000
-14.422962, 15.195858, -0.155881, 0.000000
-14.419584, 15.191886, -0.154137, 0.000000
-14.400626, 15.186870, -0.156414, 0.000000
-14.388566, 15.183221, -0.156808, 0.000000
-14.378975, 15.180328, -0.160767, 0.000000
-14.371976, 15.177775, -0.156164, 0.000000
-14.354916, 15.172991, -0.156842, 0.000000
-14.344851, 15.169051, -0.157828, 0.000000
-14.325756, 15.162943, -0.157655, 0.000000
-14.315043, 15.158476, -0.159117, 0.000000
-14.306138, 15.155140, -0.163701, 0.000000
-14.311723, 15.153352, -0.160789, 0.000000
-14.308869, 15.153473, -0.163491, 0.000000
-14.307086, 15.152535, -0.161691, 0.000000
-14.304339, 15.151009, -0.164858, 0.000000
-14.302909, 15.149562, -0.160557, 0.000000
-14.297727, 15.151237, -0.161644, 0.000000
-14.280095, 15.151089, -0.163727, 0.000000
-14.296962, 15.154165, -0.161619, 0.000000
-14.270331, 15.150611, -0.163175, 0.000000
-14.266976, 15.149620, -0.167242, 0.000000
-14.284581, 15.152873, -0.166256, 0.000000
-14.283044, 15.151731, -0.163648, 0.000000
-14.253208, 15.147700, -0.164161, 0.000000
-14.272613, 15.151661, -0.164631, 0.000000
-14.271045, 15.151728, -0.164333, 0.000000
-14.265492, 15.150000, -0.162403, 0.000000
-14.262662, 15.151982, -0.162442, 0.000000
-14.257504, 15.150591, -0.165001, 0.000000
-14.253223, 15.148655, -0.165172, 0.000000
-14.249458, 15.147874, -0.164085, 0.000000
-14.215521, 15.143826, -0.169590, 0.000000
-14.229955, 15.145498, -0.167518, 0.000000
-14.205890, 15.143529, -0.168656, 0.000000
-14.232205, 15.147097, -0.166809, 0.000000
-14.204105, 15.143560, -0.170378, 0.000000
-14.225188, 15.148003, -0.172637, 0.000000
-14.214864, 15.142306, -0.167076, 0.000000
-14.164291, 15.126781, -0.166859, 0.000000
-14.151819, 15.117158, -0.169181, 0.000000
-14.144837, 15.115037, -0.172645, 0.000000
-14.178658, 15.115436, -0.168340, 0.000000
-14.156985, 15.107706, -0.170463, 0.000000
-14.174802, 15.111792, -0.166957, 0.000000
-14.176576, 15.104943, -0.169077, 0.000000
-14.145953, 15.086877, -0.170970, 0.000000
-14.162151, 15.079837, -0.171755, 0.000000
-14.123154, 15.058863, -0.163067, 0.000000
-14.091736, 15.042661, -0.168271, 0.000000
-14.073337, 15.027855, -0.163238, 0.000000
-14.055941, 15.010350, -0.168016, 0.000000
-14.040465, 14.997295, -0.171391, 0.000000
-14.025869, 14.982858, -0.172864, 0.000000
-14.006026, 14.966803, -0.168971, 0.000000
-13.991719, 14.958433, -0.165842, 0.000000
-13.981795, 14.952157, -0.134579, 0.000000
-13.964981, 14.948967, -0.109299, 0.000000
-13.931173, 14.949714, -0.065806, 0.000000
-13.935726, 14.956228, -0.041995, 0.000000
-13.923085, 14.970632, 0.024922, 0.000000
-13.918531, 14.988587, 0.065655, 0.000000
-13.902836, 15.009553, 0.111980, 0.000000
-13.894774, 15.032198, 0.168180, 0.000000
-13.899892, 15.056860, 0.210429, 0.000000
-13.917012, 15.075992, 0.239976, 0.000000
-13.935914, 15.096858, 0.251511, 0.000000
-13.974861, 15.110832, 0.254278, 0.000000
-14.012792, 15.123203, 0.259871, 0.000000
-14.055776, 15.130840, 0.259404, 0.000000
-14.101262, 15.133153, 0.268078, 0.000000
-14.143830, 15.134577, 0.271826, 0.000000
-14.179829, 15.136222, 0.273936, 0.000000
-14.212170, 15.138599, 0.276615, 0.000000
-14.242146, 15.142148, 0.277494, 0.000000
-14.268943, 15.141521, 0.275953, 0.000000
-14.289647, 15.142699, 0.279448, 0.000000
-14.309208, 15.147061, 0.277106, 0.000000
-14.331832, 15.146674, 0.279491, 0.000000
-14.348453, 15.149756, 0.286141, 0.000000
-14.363473, 15.148222, 0.284816, 0.000000
-14.379669, 15.148828, 0.286771, 0.000000
-14.389785, 15.146866, 0.280592, 0.000000
-14.393982, 15.147904, 0.285089, 0.000000
-14.405020, 15.148467, 0.283312, 0.000000
-14.416435, 15.146828, 0.289684, 0.000000
-14.420430, 15.149479, 0.289013, 0.000000
-14.437700, 15.151773, 0.285828, 0.000000
-14.443206, 15.150060, 0.284855, 0.000000
-14.447592, 15.150183, 0.287255, 0.000000
-14.452455, 15.148887, 0.285457, 0.000000
-14.452323, 15.150332, 0.288061, 0.000000
-14.460327, 15.147601, 0.290965, 0.000000
-14.460121, 15.148095, 0.290754, 0.000000
-14.461976, 15.148622, 0.288769, 0.000000
-14.458367, 15.151114, 0.288005, 0.000000
-14.449220, 15.156263, 0.283740, 0.000000
-14.438399, 15.161791, 0.283366, 0.000000
-14.427546, 15.165197, 0.278565, 0.000000
-14.416139, 15.169839, 0.279954, 0.000000
-14.405544, 15.176244, 0.280755, 0.000000
-14.388278, 15.185370, 0.282327, 0.000000
-14.377204, 15.190851, 0.280077, 0.000000
-14.372414, 15.199003, 0.277257, 0.000000
-14.354130, 15.208090, 0.279219, 0.000000
-14.350402, 15.212317, 0.274432, 0.000000
-14.335393, 15.218666, 0.270560, 0.000000
-14.327515, 15.224177, 0.259376, 0.000000
-14.311146, 15.228777, 0.227399, 0.000000
-14.292239, 15.229561, 0.195737, 0.000000
-14.278956, 15.228075, 0.162899, 0.000000
-14.263879, 15.224552, 0.132182, 0.000000
-14.245917, 15.219995, 0.097835, 0.000000
-14.236305, 15.212782, 0.063623, 0.000000
-14.236734, 15.204516, 0.030114, 0.000000
-14.230387, 15.196015, 0.027170, 0.000000
-14.226461, 15.188920, 0.025673, 0.000000
-14.223305, 15.182944, 0.024566, 0.000000
-14.221542, 15.177316, 0.026020, 0.000000
-14.235101, 15.174024, 0.028671, 0.000000
-14.264021, 15.175623, 0.029402, 0.000000
-14.236999, 15.172490, 0.023842, 0.000000
-14.244794, 15.172846, 0.026013, 0.000000
-14.272853, 15.170078, 0.017337, 0.000000
-14.232582, 15.158205, -0.081585, 0.000000
-14.230308, 15.135214, -0.219904, 0.000000
-14.236968, 15.109652, -0.250617, 0.000000
-14.255691, 15.094154, -0.254436, 0.000000
-14.270244, 15.082758, -0.258486, 0.000000
-14.280927, 15.073711, -0.254035, 0.000000
-14.287297, 15.069050, -0.254893, 0.000000
-14.296786, 15.064440, -0.258813, 0.000000
-14.309324, 15.058981, -0.261975, 0.000000
-14.311880, 15.056402, -0.255305, 0.000000
-14.319470, 15.053905, -0.258132, 0.000000
-14.324052, 15.053160, -0.257590, 0.000000
-14.340784, 15.054086, -0.260667, 0.000000
-14.355814, 15.054707, -0.255631, 0.000000
-14.370716, 15.051174, -0.253188, 0.000000
-14.376938, 15.049329, -0.252936, 0.000000
-14.386980, 15.049727, -0.252119, 0.000000
-14.392943, 15.049107, -0.251085, 0.000000
-14.401073, 15.049414, -0.256246, 0.000000
-14.401548, 15.048058, -0.250020, 0.000000
-14.406243, 15.049085, -0.251112, 0.000000
-14.411583, 15.047457, -0.247983, 0.000000
-14.425340, 15.049663, -0.252876, 0.000000
-14.430124, 15.047321, -0.249428, 0.000000
-14.434347, 15.048233, -0.256067, 0.000000
-14.438738, 15.046117, -0.251732, 0.000000
-14.434386, 15.045211, -0.253735, 0.000000
-14.434620, 15.042205, -0.249324, 0.000000
-14.451206, 15.042324, -0.250219, 0.000000
-14.453144, 15.043240, -0.247143, 0.000000
-14.471347, 15.043119, -0.249162, 0.000000
-14.485600, 15.045513, -0.246280, 0.000000
-14.496378, 15.044038, -0.246354, 0.000000
-14.501648, 15.043664, -0.246659, 0.000000
-14.501884, 15.041820, -0.248176, 0.000000
-14.511544, 15.041979, -0.239672, 0.000000
-14.521664, 15.044429, -0.242826, 0.000000
-14.524053, 15.046363, -0.240763, 0.000000
-14.529080, 15.046456, -0.241189, 0.000000
-14.535236, 15.047081, -0.242354, 0.000000
-14.549109, 15.049425, -0.244301, 0.000000
-14.555610, 15.047766, -0.241030, 0.000000
-14.559681, 15.046289, -0.245351, 0.000000
-14.562828, 15.045869, -0.244838, 0.000000
-14.562049, 15.045501, -0.242923, 0.000000
-14.561543, 15.043764, -0.241946, 0.000000
-14.561051, 15.039308, -0.242567, 0.000000
-14.552576, 15.037741, -0.247014, 0.000000
-14.539363, 15.036280, -0.239621, 0.000000
-14.522463, 15.033412, -0.245992, 0.000000
-14.510052, 15.026851, -0.245138, 0.000000
-14.498316, 15.023974, -0.247323, 0.000000
-14.482034, 15.017461, -0.243411, 0.000000
-14.470189, 15.011038, -0.246409, 0.000000
-14.452462, 15.007220, -0.246298, 0.000000
-14.428659, 14.998522, -0.247605, 0.000000
-14.402030, 14.988619, -0.253978, 0.000000
-14.382134, 14.981824, -0.253653, 0.000000
-14.361840, 14.975142, -0.243783, 0.000000
-14.345954, 14.970298, -0.230897, 0.000000
-14.333447, 14.967846, -0.203679, 0.000000
-14.312419, 14.967889, -0.174687, 0.000000
-14.297421, 14.968228, -0.166732, 0.000000
-14.269048, 14.972637, -0.110971, 0.000000
-14.247093, 14.982414, -0.073962, 0.000000
-14.227196, 14.990748, -0.031933, 0.000000
-14.210091, 15.000491, -0.013950, 0.000000
-14.204419, 15.013990, 0.016697, 0.000000
-14.198274, 15.027776, 0.068211, 0.000000
-14.195669, 15.047968, 0.105739, 0.000000
-14.184010, 15.070699, 0.151801, 0.000000
-14.163547, 15.097790, 0.185901, 0.000000
-14.155189, 15.123326, 0.239168, 0.000000
-14.150698, 15.149768, 0.283436, 0.000000
-14.169095, 15.167200, 0.308900, 0.000000
-14.192436, 15.183773, 0.313542, 0.000000
-14.214560, 15.193309, 0.312069, 0.000000
-14.247251, 15.200523, 0.316242, 0.000000
-14.267142, 15.204430, 0.316488, 0.000000
-14.290040, 15.208003, 0.320950, 0.000000
-14.303244, 15.209609, 0.317787, 0.000000
-14.325908, 15.212202, 0.321619, 0.000000
-14.341122, 15.209244, 0.320547, 0.000000
-14.358801, 15.210310, 0.323710, 0.000000
-14.371497, 15.210609, 0.327758, 0.000000
-14.380256, 15.212062, 0.327780, 0.000000
-14.402961, 15.211469, 0.326339, 0.000000
-14.418663, 15.212780, 0.329552, 0.000000
-14.432468, 15.213714, 0.330725, 0.000000
-14.443595, 15.214825, 0.328384, 0.000000
-14.451187, 15.214531, 0.327529, 0.000000
-14.462445, 15.213698, 0.332396, 0.000000
-14.474669, 15.213792, 0.334133, 0.000000
-14.477058, 15.212153, 0.330519, 0.000000
-14.481979, 15.213576, 0.332816, 0.000000
-14.479152, 15.211499, 0.332050, 0.000000
-14.489751, 15.210660, 0.333143, 0.000000
-14.488654, 15.210127, 0.332403, 0.000000
-14.494769, 15.209888, 0.335697, 0.000000
-14.491462, 15.211936, 0.333182, 0.000000
-14.492097, 15.212872, 0.335248, 0.000000
-14.487091, 15.213678, 0.325433, 0.000000
-14.479808, 15.216504, 0.326339, 0.000000
-14.475932, 15.221331, 0.331053, 0.000000
-14.462733, 15.225698, 0.327829, 0.000000
-14.446637, 15.233680, 0.322315, 0.000000
-14.437338, 15.238897, 0.318921, 0.000000
-14.422974, 15.245690, 0.320361, 0.000000
-14.419800, 15.253022, 0.310241, 0.000000
-14.399237, 15.259917, 0.287424, 0.000000
-14.378314, 15.261902, 0.264002, 0.000000
-14.362514, 15.263532, 0.234425, 0.000000
-14.346598, 15.263682, 0.220322, 0.000000
-14.355582, 15.260762, 0.203293, 0.000000
-14.302653, 15.258841, 0.152606, 0.000000
-14.281735, 15.252644, 0.093714, 0.000000
-14.273909, 15.247209, 0.082665, 0.000000
-14.252938, 15.238028, 0.027137, 0.000000
-14.240565, 15.227090, -0.014028, 0.000000
-14.232385, 15.214889, -0.058780, 0.000000
-14.212330, 15.197379, -0.074349, 0.000000
-14.205804, 15.181026, -0.124387, 0.000000
-14.194071, 15.165572, -0.132951, 0.000000
-14.163188, 15.144343, -0.165694, 0.000000
-14.179193, 15.113146, -0.233787, 0.000000
-14.201761, 15.103067, -0.234734, 0.000000
-14.123013, 15.069837, -0.257240, 0.000000
-14.125297, 15.057185, -0.239620, 0.000000
-14.113927, 15.047040, -0.245413, 0.000000
-14.117192, 15.039486, -0.242377, 0.000000
-14.121869, 15.034122, -0.239676, 0.000000
-14.128189, 15.030331, -0.242212, 0.000000
-14.146043, 15.028598, -0.242580, 0.000000
-14.165051, 15.030276, -0.241859, 0.000000
-14.186313, 15.032071, -0.232156, 0.000000
-14.202809, 15.034309, -0.236389, 0.000000
-14.219632, 15.033088, -0.236692, 0.000000
-14.230166, 15.035881, -0.236307, 0.000000
-14.241503, 15.035575, -0.230334, 0.000000
-14.259155, 15.037115, -0.237159, 0.000000
-14.276012, 15.037589, -0.230135, 0.000000
-14.287835, 15.036507, -0.231759, 0.000000
-14.311935, 15.036960, -0.231094, 0.000000
-14.322591, 15.036151, -0.225230, 0.000000
-14.334380, 15.033470, -0.226287, 0.000000
-14.349549, 15.034452, -0.225236, 0.000000
-14.353465, 15.034795, -0.228174, 0.000000
-14.358119, 15.036485, -0.229116, 0.000000
-14.363041, 15.034051, -0.226399, 0.000000
-14.371468, 15.031419, -0.224313, 0.000000
-14.369604, 15.027320, -0.229328, 0.000000
-14.359797, 15.024888, -0.229925, 0.000000
-14.357241, 15.021113, -0.222740, 0.000000
-14.350527, 15.019087, -0.214894, 0.000000
-14.343036, 15.016820, -0.194252, 0.000000
-14.319972, 15.018896, -0.178525, 0.000000
-14.310891, 15.026107, -0.153729, 0.000000
-14.294982, 15.028436, -0.126314, 0.000000
-14.296856, 15.034870, -0.103129, 0.000000
-14.288001, 15.041628, -0.070047, 0.000000
-14.275050, 15.047703, -0.039919, 0.000000
-14.265801, 15.055750, -0.011331, 0.000000
-14.254064, 15.067931, 0.008280, 0.000000
-14.255064, 15.078504, 0.031389, 0.000000
-14.245912, 15.097702, 0.080628, 0.000000
-14.248400, 15.109960, 0.101119, 0.000000
-14.246109, 15.141447, 0.155442, 0.000000
-14.273448, 15.148006, 0.158224, 0.000000
-14.182192, 15.197589, 0.267482, 0.000000
-14.174725, 15.223107, 0.303300, 0.000000
-14.157742, 15.248287, 0.320002, 0.000000
-14.162072, 15.267920, 0.332400, 0.000000
-14.138094, 15.291233, 0.342460, 0.000000
-14.119746, 15.306976, 0.320322, 0.000000
-14.104250, 15.322693, 0.290423, 0.000000
-14.092298, 15.334345, 0.250545, 0.000000
-14.070173, 15.339243, 0.211721, 0.000000
-14.064120, 15.342204, 0.169329, 0.000000
-14.026709, 15.344896, 0.126388, 0.000000
-14.015958, 15.341788, 0.087855, 0.000000
-14.002331, 15.338376, 0.062880, 0.000000
-13.985000, 15.329285, -0.006480, 0.000000
-13.955858, 15.318201, -0.051206, 0.000000
-13.951103, 15.303421, -0.102132, 0.000000
-13.936160, 15.284379, -0.152193, 0.000000
-13.932076, 15.263742, -0.189968, 0.000000
-13.933762, 15.247255, -0.201646, 0.000000
-13.947565, 15.234348, -0.224272, 0.000000
-13.966511, 15.224657, -0.225255, 0.000000
-13.989171, 15.217526, -0.225197, 0.000000
-14.025134, 15.217851, -0.224622, 0.000000
-14.068761, 15.215013, -0.222797, 0.000000
-14.102604, 15.213627, -0.215666, 0.000000
-14.131525, 15.210300, -0.215739, 0.000000
-14.162720, 15.211101, -0.215698, 0.000000
-14.201044, 15.210798, -0.212999, 0.000000
-14.232514, 15.210875, -0.210518, 0.000000
-14.263693, 15.210998, -0.210651, 0.000000
-14.286804, 15.211160, -0.204447, 0.000000
-14.300451, 15.211046, -0.204461, 0.000000
-14.328843, 15.208713, -0.201771, 0.000000
-14.344989, 15.207806, -0.203449, 0.000000
-14.369380, 15.206490, -0.201409, 0.000000
-14.379557, 15.206757, -0.201141, 0.000000
-14.398797, 15.208279, -0.203643, 0.000000
-14.413582, 15.206731, -0.200821, 0.000000
-14.430161, 15.205740, -0.200246, 0.000000
-14.431007, 15.203281, -0.200016, 0.000000
-14.433873, 15.201560, -0.199643, 0.000000
-14.435804, 15.201872, -0.192504, 0.000000
-14.430038, 15.200808, -0.199626, 0.000000
-14.419957, 15.195624, -0.194680, 0.000000
-14.411255, 15.194384, -0.189564, 0.000000
-14.402649, 15.190917, -0.187536, 0.000000
-14.381852, 15.188146, -0.174386, 0.000000
-14.374970, 15.189140, -0.150218, 0.000000
-14.361226, 15.192683, -0.125899, 0.000000
-14.349562, 15.194024, -0.107670, 0.000000
-14.340482, 15.201976, -0.070208, 0.000000
-14.330094, 15.210875, -0.051865, 0.000000
-14.314670, 15.219794, -0.017657, 0.000000
-14.306434, 15.231793, 0.014636, 0.000000
-14.294864, 15.242164, 0.043483, 0.000000
-14.278982, 15.254978, 0.054610, 0.000000
-14.268236, 15.265944, 0.098425, 0.000000
-14.265591, 15.279873, 0.114175, 0.000000
-14.277477, 15.287163, 0.121016, 0.000000
-14.287514, 15.290777, 0.117443, 0.000000
-14.301761, 15.295155, 0.122262, 0.000000
-14.315458, 15.296089, 0.119600, 0.000000
-14.333498, 15.296115, 0.120882, 0.000000
-14.345380, 15.294898, 0.122593, 0.000000
-14.358408, 15.296133, 0.121594, 0.000000
-14.367479, 15.297352, 0.118872, 0.000000
-14.380691, 15.300021, 0.123135, 0.000000
-14.396243, 15.298688, 0.124190, 0.000000
-14.413981, 15.299011, 0.127456, 0.000000
-14.417339, 15.299843, 0.132240, 0.000000
-14.429252, 15.299797, 0.130285, 0.000000
-14.437862, 15.300680, 0.128919, 0.000000
-14.446294, 15.302948, 0.128290, 0.000000
-14.454188, 15.304957, 0.132003, 0.000000
-14.456930, 15.302334, 0.132736, 0.000000
-14.468738, 15.299790, 0.134574, 0.000000
-14.473124, 15.301391, 0.131195, 0.000000
-14.474793, 15.299856, 0.133650, 0.000000
-14.484649, 15.301477, 0.133687, 0.000000
-14.485443, 15.300950, 0.132456, 0.000000
-14.485968, 15.300792, 0.131031, 0.000000
-14.479100, 15.301258, 0.129448, 0.000000
-14.471845, 15.306867, 0.136904, 0.000000
-14.475785, 15.307880, 0.134984, 0.000000
-14.461655, 15.311670, 0.128311, 0.000000
-14.452418, 15.313267, 0.133780, 0.000000
-14.431180, 15.316449, 0.122827, 0.000000
-14.410868, 15.318724, 0.111153, 0.000000
-14.392337, 15.317180, 0.082749, 0.000000
-14.373623, 15.313955, 0.058810, 0.000000
-14.346799, 15.307127, 0.033299, 0.000000
-14.341050, 15.301236, 0.005769, 0.000000
-14.341231, 15.295161, -0.025797, 0.000000
-14.328346, 15.282098, -0.050808, 0.000000
-14.315196, 15.266408, -0.093001, 0.000000
-14.299700, 15.249850, -0.137446, 0.000000
-14.283267, 15.232177, -0.167576, 0.000000
-14.281082, 15.221938, -0.184354, 0.000000
-14.300260, 15.212918, -0.184672, 0.000000
-14.318902, 15.207065, -0.175789, 0.000000
-14.341373, 15.205275, -0.181099, 0.000000
-14.359052, 15.203548, -0.181278, 0.000000
-14.378685, 15.203719, -0.179496, 0.000000
-14.392367, 15.201674, -0.175018, 0.000000
-14.405563, 15.203992, -0.173916, 0.000000
-14.413994, 15.204293, -0.177838, 0.000000
-14.428942, 15.204939, -0.171153, 0.000000
-14.436536, 15.203994, -0.173307, 0.000000
-14.447906, 15.202057, -0.171982, 0.000000
-14.452343, 15.201881, -0.171057, 0.000000
-14.456911, 15.199326, -0.176351, 0.000000
-14.457074, 15.196013, -0.172406, 0.000000
-14.450426, 15.195048, -0.175869, 0.000000
-14.443035, 15.192756, -0.173596, 0.000000
-14.431660, 15.189452, -0.175284, 0.000000
-14.423761, 15.185540, -0.180301, 0.000000
-14.420136, 15.183180, -0.179853, 0.000000
-14.398100, 15.176539, -0.176785, 0.000000
-14.381832, 15.173073, -0.179090, 0.000000
-14.374745, 15.170883, -0.179360, 0.000000
-14.371969, 15.175119, -0.162301, 0.000000
-14.326130, 15.169474, -0.166892, 0.000000
-14.304515, 15.167337, -0.168285, 0.000000
-14.286718, 15.162647, -0.168841, 0.000000
-14.265900, 15.156150, -0.170932, 0.000000
-14.240525, 15.146930, -0.174754, 0.000000
-14.218589, 15.138792, -0.173765, 0.000000
-14.184120, 15.129892, -0.178583, 0.000000
-14.163155, 15.124686, -0.182836, 0.000000
-14.158312, 15.122647, -0.173695, 0.000000
-14.118634, 15.111934, -0.181552, 0.000000
-14.094186, 15.103894, -0.188043, 0.000000
-14.076346, 15.094450, -0.183230, 0.000000
-14.057875, 15.084782, -0.186367, 0.000000
-14.042290, 15.079674, -0.189130, 0.000000
-14.026839, 15.072246, -0.187025, 0.000000
-14.007090, 15.066661, -0.191286, 0.000000
-13.977265, 15.056804, -0.192246, 0.000000
-13.948623, 15.047179, -0.194814, 0.000000
-13.912433, 15.049159, -0.165299, 0.000000
-13.867804, 15.045301, -0.168157, 0.000000
-13.833281, 15.039556, -0.168540, 0.000000
-13.800833, 15.034602, -0.173677, 0.000000
-13.771165, 15.027134, -0.178595, 0.000000
-13.726301, 15.012439, -0.181505, 0.000000
-13.698593, 15.005085, -0.185854, 0.000000
-13.644310, 15.003162, -0.158786, 0.000000
-13.602132, 15.001641, -0.165767, 0.000000
-13.568704, 14.996460, -0.163417, 0.000000
-13.522034, 14.987209, -0.170442, 0.000000
-13.491382, 14.977630, -0.179318, 0.000000
-13.432978, 14.974870, -0.157174, 0.000000
-13.380940, 14.970460, -0.169233, 0.000000
-13.341475, 14.963530, -0.180150, 0.000000
-13.295365, 14.949263, -0.190447, 0.000000
-13.253697, 14.946729, -0.165804, 0.000000
-13.212604, 14.938008, -0.170780, 0.000000
-13.151634, 14.934012, -0.153083, 0.000000
-13.069032, 14.929432, -0.119851, 0.000000
-13.027612, 14.931892, -0.078304, 0.000000
-12.973724, 14.937001, -0.040325, 0.000000
-12.906192, 14.945011, 0.013036, 0.000000
-12.821800, 14.964381, 0.040876, 0.000000
-12.772086, 14.981146, 0.090601, 0.000000
-12.719974, 15.002705, 0.128061, 0.000000
-12.675286, 15.027781, 0.184188, 0.000000
-12.629434, 15.052267, 0.232950, 0.000000
-12.591407, 15.094635, 0.304168, 0.000000
-12.535154, 15.127605, 0.333150, 0.000000
-12.473970, 15.163437, 0.403416, 0.000000
-12.411400, 15.196983, 0.443788, 0.000000
-12.355812, 15.234304, 0.487469, 0.000000
-12.308957, 15.266589, 0.529474, 0.000000
-12.296673, 15.289461, 0.570244, 0.000000
-12.212778, 15.355895, 0.624601, 0.000000
-12.179957, 15.401581, 0.672454, 0.000000
-12.143851, 15.446503, 0.713249, 0.000000
-12.115482, 15.499694, 0.769245, 0.000000
-12.088654, 15.541761, 0.811083, 0.000000
-12.086778, 15.563364, 0.854682, 0.000000
-12.032647, 15.642824, 0.903766, 0.000000
-12.014919, 15.696906, 0.954454, 0.000000
-11.982373, 15.742935, 0.990806, 0.000000
-11.965953, 15.802450, 1.050361, 0.000000
-11.951282, 15.848911, 1.084630, 0.000000
-11.947948, 15.903967, 1.145492, 0.000000
-11.932110, 15.955167, 1.183362, 0.000000
-11.940896, 16.013571, 1.240369, 0.000000
-11.944332, 16.066474, 1.285123, 0.000000
-11.935654, 16.119131, 1.318839, 0.000000
-11.941616, 16.152679, 1.330415, 0.000000
-11.952777, 16.180002, 1.360803, 0.000000
-11.960329, 16.201089, 1.361601, 0.000000
-11.969407, 16.217595, 1.364754, 0.000000
-11.981891, 16.219563, 1.365306, 0.000000
-11.991340, 16.226702, 1.366161, 0.000000
-11.994285, 16.227975, 1.366107, 0.000000
-11.992560, 16.226870, 1.366744, 0.000000
-11.988152, 16.223490, 1.365786, 0.000000
-11.993545, 16.224987, 1.366801, 0.000000
-11.994987, 16.225694, 1.369026, 0.000000
-11.997460, 16.224275, 1.368357, 0.000000
-12.006869, 16.228837, 1.368324, 0.000000
-12.010296, 16.226306, 1.370658, 0.000000
-12.013534, 16.228093, 1.371675, 0.000000
-12.027899, 16.237461, 1.372983, 0.000000
-12.033501, 16.243729, 1.374833, 0.000000
-12.034993, 16.244381, 1.375865, 0.000000
-12.035108, 16.246495, 1.377751, 0.000000
-12.033716, 16.242469, 1.376487, 0.000000
-12.030208, 16.242938, 1.374217, 0.000000
-12.030101, 16.244654, 1.375335, 0.000000
-12.032032, 16.245113, 1.376578, 0.000000
-12.026170, 16.238323, 1.376028, 0.000000
-12.030574, 16.244600, 1.376129, 0.000000
-12.031854, 16.257726, 1.376714, 0.000000
-12.034583, 16.274170, 1.382609, 0.000000
-12.026105, 16.288411, 1.377757, 0.000000
-12.023617, 16.306185, 1.379959, 0.000000
-12.017479, 16.323820, 1.385651, 0.000000
-12.014626, 16.348474, 1.385440, 0.000000
-12.023796, 16.374105, 1.391409, 0.000000
-12.024460, 16.401300, 1.393116, 0.000000
-12.022959, 16.432673, 1.406773, 0.000000
-12.021624, 16.458936, 1.406378, 0.000000
-12.021611, 16.490500, 1.404521, 0.000000
-12.020333, 16.508864, 1.405340, 0.000000
-12.025031, 16.517821, 1.407783, 0.000000
-12.023610, 16.522114, 1.406234, 0.000000
-12.025368, 16.519232, 1.407156, 0.000000
-12.034253, 16.518599, 1.409780, 0.000000
-12.042273, 16.517928, 1.412106, 0.000000
-12.043799, 16.517288, 1.412402, 0.000000
-12.041909, 16.516210, 1.412708, 0.000000
-12.041983, 16.512981, 1.410460, 0.000000
-12.043043, 16.512136, 1.411761, 0.000000
-12.043222, 16.515886, 1.410121, 0.000000
-12.040852, 16.513762, 1.410069, 0.000000
-12.033567, 16.513960, 1.408160, 0.000000
-12.032707, 16.508604, 1.408178, 0.000000
-12.030408, 16.507147, 1.407256, 0.000000
-12.036931, 16.514017, 1.408180, 0.000000
-12.025318, 16.524320, 1.404366, 0.000000
-12.023358, 16.528167, 1.407475, 0.000000
-12.026130, 16.549753, 1.407516, 0.000000
-12.024075, 16.566959, 1.422656, 0.000000
-12.024554, 16.583980, 1.423424, 0.000000
-12.018954, 16.601107, 1.425031, 0.000000
-12.022007, 16.628093, 1.441838, 0.000000
-12.022052, 16.651241, 1.455487, 0.000000
-12.012985, 16.675239, 1.477854, 0.000000
-12.008146, 16.696708, 1.501516, 0.000000
-12.022916, 16.726284, 1.549880, 0.000000
-12.029397, 16.758354, 1.566199, 0.000000
-12.034681, 16.767648, 1.569446, 0.000000
-12.035117, 16.780151, 1.570376, 0.000000
-12.030630, 16.780352, 1.573609, 0.000000
-12.042651, 16.777533, 1.571589, 0.000000
-12.036416, 16.774488, 1.568693, 0.000000
-12.036310, 16.770546, 1.569691, 0.000000
-12.045890, 16.772133, 1.573147, 0.000000
-12.047103, 16.775123, 1.572655, 0.000000
-12.049559, 16.778501, 1.573796, 0.000000
-12.039446, 16.776154, 1.568210, 0.000000
-12.031159, 16.775009, 1.569087, 0.000000
-12.036513, 16.776314, 1.572022, 0.000000
-12.037774, 16.777296, 1.570401, 0.000000
-12.028796, 16.774205, 1.571087, 0.000000
-12.026185, 16.776656, 1.570800, 0.000000
-12.031140, 16.774487, 1.569362, 0.000000
-12.028644, 16.772325, 1.568785, 0.000000
-12.025673, 16.774356, 1.568001, 0.000000
-12.013826, 16.777200, 1.564635, 0.000000
-12.018926, 16.782651, 1.577580, 0.000000
-12.031957, 16.801079, 1.578880, 0.000000
-12.036026, 16.815040, 1.586652, 0.000000
-12.047342, 16.837160, 1.587906, 0.000000
-12.065581, 16.864790, 1.592731, 0.000000
-12.081841, 16.888777, 1.603491, 0.000000
-12.096606, 16.911270, 1.605766, 0.000000
-12.106940, 16.935015, 1.613200, 0.000000
-12.115519, 16.956934, 1.612196, 0.000000
-12.142911, 16.982036, 1.619798, 0.000000
-12.152076, 17.014538, 1.622284, 0.000000
-12.157808, 17.039482, 1.620857, 0.000000
-12.171244, 17.072490, 1.624188, 0.000000
-12.169449, 17.099906, 1.628342, 0.000000
-12.178490, 17.131621, 1.635773, 0.000000
-12.191722, 17.185289, 1.636174, 0.000000
-12.200668, 17.215590, 1.638155, 0.000000
-12.197476, 17.255334, 1.638105, 0.000000
-12.207269, 17.295513, 1.640888, 0.000000
-12.197934, 17.328236, 1.639637, 0.000000
-12.204966, 17.377989, 1.636436, 0.000000
-12.210271, 17.412237, 1.653433, 0.000000
-12.203671, 17.450405, 1.659955, 0.000000
-12.197163, 17.489190, 1.662327, 0.000000
-12.197744, 17.542052, 1.659734, 0.000000
-12.199395, 17.582675, 1.660592, 0.000000
-12.207572, 17.631244, 1.660957, 0.000000
-12.209618, 17.679301, 1.658904, 0.000000
-12.205802, 17.727206, 1.658501, 0.000000
-12.195904, 17.736223, 1.660547, 0.000000
-12.200089, 17.822175, 1.658963, 0.000000
-12.194328, 17.863509, 1.657567, 0.000000
-12.195658, 17.921955, 1.657902, 0.000000
-12.188516, 17.959882, 1.680839, 0.000000
-12.169129, 18.008304, 1.693786, 0.000000
-12.161628, 18.042578, 1.693127, 0.000000
-12.148457, 18.084835, 1.696846, 0.000000
-12.143566, 18.125570, 1.691882, 0.000000
-12.144687, 18.173117, 1.690700, 0.000000
-12.137145, 18.216658, 1.694920, 0.000000
-12.128736, 18.258927, 1.688837, 0.000000
-12.132990, 18.312841, 1.689521, 0.000000
-12.127141, 18.368442, 1.681797, 0.000000
-12.122009, 18.415502, 1.686463, 0.000000
-12.117952, 18.466618, 1.685944, 0.000000
-12.118569, 18.528650, 1.689511, 0.000000
-12.128605, 18.572843, 1.697759, 0.000000
-12.124065, 18.625452, 1.690507, 0.000000
-12.129150, 18.684239, 1.705141, 0.000000
-12.127432, 18.741556, 1.707037, 0.000000
-12.126700, 18.794211, 1.716113, 0.000000
-12.134875, 18.860603, 1.735489, 0.000000
-12.141895, 18.915825, 1.752956, 0.000000
-12.147421, 18.963599, 1.849740, 0.000000
-12.163277, 19.001343, 1.941966, 0.000000
-12.183698, 19.043625, 2.002706, 0.000000
-12.208005, 19.081214, 2.056991, 0.000000
-12.241867, 19.131859, 2.102133, 0.000000
-12.268984, 19.171152, 2.148456, 0.000000
-12.297711, 19.209123, 2.195359, 0.000000
-12.332547, 19.250686, 2.233813, 0.000000
-12.372205, 19.294513, 2.286355, 0.000000
-12.406643, 19.344484, 2.266129, 0.000000
-12.435661, 19.379049, 2.237172, 0.000000
-12.457085, 19.416946, 2.176389, 0.000000
-12.489746, 19.460922, 2.125934, 0.000000
-12.506126, 19.502531, 2.082737, 0.000000
-12.535984, 19.538995, 2.053390, 0.000000
-12.559965, 19.571446, 2.030918, 0.000000
-12.586511, 19.598952, 2.024496, 0.000000
-12.620820, 19.611735, 2.046391, 0.000000
-12.661073, 19.639023, 2.056719, 0.000000
-12.692047, 19.643826, 2.130558, 0.000000
-12.726414, 19.661584, 2.166040, 0.000000
-12.766703, 19.658252, 2.248054, 0.000000
-12.826613, 19.598984, 2.459807, 0.000000
-12.924846, 19.508507, 2.717905, 0.000000
-13.029316, 19.396495, 2.980627, 0.000000
-13.127587, 19.292148, -3.091808, 0.000000
-13.201091, 19.190849, -2.884053, 0.000000
-13.298470, 19.090340, -2.788785, 0.000000
-13.385148, 19.015628, -2.751518, 0.000000
-13.468862, 18.957163, -2.737111, 0.000000
-13.567655, 18.897777, -2.749429, 0.000000
-13.655314, 18.842186, -2.778155, 0.000000
-13.755338, 18.789550, -2.792795, 0.000000
-13.828723, 18.742409, -2.813722, 0.000000
-13.915164, 18.705423, -2.843736, 0.000000
-14.003109, 18.654215, -2.831919, 0.000000
-14.105485, 18.610248, -2.854308, 0.000000
-14.186335, 18.577070, -2.860178, 0.000000
-14.288033, 18.525632, -2.848539, 0.000000
-14.339291, 18.483151, -2.838347, 0.000000
-14.381491, 18.451418, -2.855207, 0.000000
-14.499681, 18.379628, -2.846497, 0.000000
-14.587888, 18.320543, -2.831940, 0.000000
-14.618371, 18.232372, -2.766768, 0.000000
-14.734865, 18.096773, -2.661761, 0.000000
-14.781884, 17.964602, -2.551521, 0.000000
-14.829838, 17.864093, -2.479586, 0.000000
-14.866697, 17.767155, -2.430589, 0.000000
-14.913683, 17.686314, -2.393018, 0.000000
-14.950828, 17.624016, -2.384313, 0.000000
-14.978691, 17.568545, -2.342755, 0.000000
-15.011008, 17.516831, -2.327910, 0.000000
-15.042820, 17.469986, -2.315771, 0.000000
-15.078278, 17.417164, -2.317012, 0.000000
-15.116581, 17.380982, -2.316917, 0.000000
-15.156314, 17.344044, -2.308252, 0.000000
-15.198700, 17.298658, -2.306606, 0.000000
-15.221222, 17.303427, -2.286237, 0.000000
-15.309858, 17.222415, -2.273152, 0.000000
-15.340908, 17.195231, -2.277203, 0.000000
-15.385341, 17.177778, -2.243564, 0.000000
-15.404518, 17.182768, -2.242425, 0.000000
-15.498454, 17.127016, -2.183643, 0.000000
-15.569490, 17.102816, -2.169775, 0.000000
-15.659611, 17.070848, -2.091864, 0.000000
-15.772854, 17.037014, -2.070950, 0.000000
-15.903711, 16.991778, -1.990979, 0.000000
-16.029583, 16.939124, -1.978412, 0.000000
-16.192691, 16.860166, -1.928068, 0.000000
-16.344969, 16.804748, -1.900414, 0.000000
-16.463600, 16.726319, -1.872014, 0.000000
-16.551616, 16.641596, -1.835671, 0.000000
-16.612152, 16.556989, -1.793874, 0.000000
-16.657152, 16.512673, -1.741671, 0.000000
-16.718414, 16.387244, -1.677456, 0.000000
-16.764293, 16.318633, -1.640977, 0.000000
-16.789964, 16.243302, -1.573794, 0.000000
-16.807467, 16.157521, -1.506943, 0.000000
-16.813176, 16.071691, -1.441732, 0.000000
-16.819724, 16.006279, -1.395713, 0.000000
-16.817192, 15.938760, -1.341801, 0.000000
-16.814543, 15.914169, -1.299678, 0.000000
-16.789052, 15.818504, -1.238672, 0.000000
-16.776982, 15.752814, -1.190171, 0.000000
-16.751675, 15.689065, -1.130812, 0.000000
-16.726760, 15.641403, -1.089250, 0.000000
-16.714001, 15.603640, -1.064517, 0.000000
-16.703111, 15.582857, -1.000165, 0.000000
-16.670113, 15.520719, -0.945781, 0.000000
-16.630843, 15.472693, -0.879652, 0.000000
-16.564262, 15.383514, -0.822678, 0.000000
-16.528910, 15.337590, -0.750658, 0.000000
-16.493314, 15.293017, -0.697212, 0.000000
-16.451978, 15.259219, -0.636616, 0.000000
-16.432452, 15.225509, -0.601561, 0.000000
-16.362103, 15.195991, -0.534236, 0.000000
-16.327744, 15.179601, -0.503046, 0.000000
-16.268822, 15.157323, -0.449117, 0.000000
-16.233961, 15.137543, -0.403263, 0.000000
-16.203520, 15.123093, -0.355897, 0.000000
-16.181857, 15.116243, -0.317753, 0.000000
-16.163852, 15.109581, -0.283323, 0.000000
-16.142134, 15.100906, -0.229930, 0.000000
-16.116584, 15.095903, -0.172417, 0.000000
-16.092810, 15.098634, -0.177127, 0.000000
-16.051856, 15.094257, -0.071026, 0.000000
-15.995473, 15.099134, -0.023620, 0.000000
-15.952963, 15.101226, 0.029989, 0.000000
-15.920335, 15.113596, 0.045736, 0.000000
-15.873692, 15.120689, 0.064755, 0.000000
-15.842931, 15.130085, 0.063287, 0.000000
-15.823743, 15.130738, 0.056185, 0.000000
-15.816150, 15.136936, 0.052862, 0.000000
-15.814880, 15.144912, 0.053786, 0.000000
-15.817534, 15.144050, 0.055063, 0.000000
-15.811525, 15.150389, 0.050230, 0.000000
-15.809699, 15.154619, 0.052635, 0.000000
-15.812254, 15.158487, 0.051292, 0.000000
-15.807773, 15.162803, 0.049711, 0.000000
-15.804736, 15.162030, 0.045392, 0.000000
-15.809135, 15.162299, 0.050605, 0.000000
-15.808607, 15.163417, 0.050252, 0.000000
-15.806730, 15.161037, 0.049241, 0.000000
-15.806674, 15.160143, 0.047020, 0.000000
-15.807135, 15.158453, 0.050963, 0.000000
-15.802920, 15.162962, 0.049311, 0.000000
-15.807550, 15.162227, 0.050505, 0.000000
-15.808935, 15.162369, 0.049477, 0.000000
-15.805779, 15.162228, 0.049056, 0.000000
-15.803220, 15.162342, 0.046127, 0.000000
-15.792326, 15.167749, 0.041709, 0.000000
-15.778766, 15.170858, 0.037373, 0.000000
-15.769570, 15.170807, 0.038501, 0.000000
-15.764296, 15.171972, 0.038393, 0.000000
-15.733252, 15.167268, 0.062100, 0.000000
-15.704900, 15.165542, 0.059159, 0.000000
-15.679128, 15.165662, 0.053828, 0.000000
-15.654733, 15.168617, 0.054017, 0.000000
-15.652198, 15.170663, 0.049019, 0.000000
-15.617621, 15.176234, 0.041676, 0.000000
-15.582394, 15.172881, 0.066915, 0.000000
-15.539535, 15.171108, 0.059305, 0.000000
-15.505659, 15.171045, 0.054387, 0.000000
-15.471951, 15.175546, 0.046764, 0.000000
-15.444488, 15.179610, 0.046058, 0.000000
-15.424978, 15.182995, 0.038963, 0.000000
-15.377972, 15.178221, 0.071326, 0.000000
-15.335682, 15.177365, 0.067077, 0.000000
-15.296760, 15.177906, 0.059471, 0.000000
-15.267326, 15.178769, 0.052001, 0.000000
-15.234917, 15.181080, 0.051742, 0.000000
-15.193188, 15.186563, 0.046108, 0.000000
-15.166548, 15.193153, 0.040684, 0.000000
-15.112235, 15.188275, 0.067689, 0.000000
-15.060514, 15.187833, 0.062498, 0.000000
-15.053545, 15.184854, 0.063353, 0.000000
-14.964466, 15.189754, 0.054058, 0.000000
-14.936316, 15.191232, 0.044954, 0.000000
-14.907242, 15.194839, 0.041988, 0.000000
-14.868913, 15.200834, 0.036817, 0.000000
-14.832441, 15.206680, 0.028669, 0.000000
-14.777868, 15.203230, 0.057679, 0.000000
-14.757773, 15.197113, 0.055781, 0.000000
-14.678463, 15.199897, 0.042709, 0.000000
-14.629109, 15.202104, 0.045197, 0.000000
-14.587091, 15.203970, 0.042142, 0.000000
-14.543054, 15.206994, 0.036746, 0.000000
-14.509168, 15.208639, 0.031065, 0.000000
-14.465037, 15.211580, 0.022685, 0.000000
-14.432705, 15.210544, 0.023585, 0.000000
-14.413842, 15.211324, 0.022446, 0.000000
-14.396097, 15.214493, 0.018635, 0.000000
-14.378020, 15.219719, 0.019656, 0.000000
-14.359640, 15.221566, 0.014165, 0.000000
-14.328537, 15.222500, 0.033724, 0.000000
-14.298877, 15.221029, 0.039874, 0.000000
-14.262791, 15.221789, 0.032978, 0.000000
-14.231361, 15.223741, 0.038702, 0.000000
-14.207145, 15.225672, 0.030474, 0.000000
-14.177504, 15.229227, 0.036301, 0.000000
-14.131568, 15.232380, 0.027377, 0.000000
-14.121052, 15.234237, 0.025195, 0.000000
-14.105859, 15.234353, 0.027783, 0.000000
-14.080087, 15.236832, 0.022463, 0.000000
-14.056996, 15.236221, 0.020282, 0.000000
-14.030461, 15.237771, 0.018681, 0.000000
-14.016630, 15.242230, 0.020169, 0.000000
-14.018064, 15.245331, 0.016780, 0.000000
-13.983940, 15.245375, 0.017554, 0.000000
-13.977064, 15.250612, 0.018854, 0.000000
-13.961799, 15.252671, 0.009395, 0.000000
-13.950693, 15.252447, 0.014889, 0.000000
-13.943743, 15.256089, 0.011386, 0.000000
-13.939347, 15.256486, 0.018411, 0.000000
-13.934507, 15.259660, 0.012742, 0.000000
-13.915791, 15.261711, 0.012304, 0.000000
-13.911874, 15.262990, 0.011803, 0.000000
-13.923624, 15.263706, 0.013803, 0.000000
-13.879617, 15.267384, 0.014607, 0.000000
-13.858775, 15.269381, 0.013266, 0.000000
-13.849773, 15.273921, 0.004343, 0.000000
-13.846593, 15.277769, 0.009420, 0.000000
-13.848166, 15.280202, 0.004958, 0.000000
-13.841159, 15.283311, 0.003017, 0.000000
-13.839563, 15.285495, 0.004551, 0.000000
-13.850433, 15.289685, 0.003873, 0.000000
-13.845760, 15.293280, 0.010483, 0.000000
-13.841569, 15.293613, 0.003117, 0.000000
-13.827875, 15.296675, 0.000030, 0.000000
-13.826094, 15.300231, 0.005513, 0.000000
-13.798981, 15.300903, 0.002987, 0.000000
-13.798171, 15.302696, -0.002701, 0.000000
-13.788445, 15.304254, 0.004208, 0.000000
-13.772124, 15.307019, 0.001950, 0.000000
-13.763656, 15.305896, -0.000738, 0.000000
-13.755122, 15.303879, -0.007104, 0.000000
-13.756741, 15.304295, -0.008114, 0.000000
-13.784112, 15.306897, -0.005312, 0.000000
-13.796094, 15.313073, -0.004269, 0.000000
-13.789868, 15.316344, -0.001051, 0.000000
-13.799487, 15.320003, -0.002557, 0.000000
-13.784766, 15.322681, -0.003424, 0.000000
-13.782805, 15.326147, -0.001086, 0.000000
-13.767141, 15.330859, -0.003575, 0.000000
-13.755617, 15.336215, -0.006621, 0.000000
-13.748490, 15.339638, -0.001989, 0.000000
-13.751808, 15.342744, 0.000236, 0.000000
-13.738827, 15.347934, -0.005066, 0.000000
-13.734254, 15.351189, -0.010583, 0.000000
-13.728487, 15.352931, -0.007224, 0.000000
-13.729994, 15.355244, -0.006659, 0.000000
-13.737169, 15.359770, -0.003830, 0.000000
-13.744413, 15.362880, -0.004305, 0.000000
-13.745606, 15.363579, -0.000998, 0.000000
-13.744859, 15.364575, -0.007234, 0.000000
-13.742680, 15.364469, -0.012086, 0.000000
-13.749917, 15.366939, -0.015734, 0.000000
-13.739482, 15.371110, -0.010587, 0.000000
-13.731068, 15.372702, -0.009661, 0.000000
-13.721245, 15.376897, -0.016053, 0.000000
-13.702386, 15.379555, -0.007069, 0.000000
-13.688646, 15.382117, -0.008013, 0.000000
-13.681856, 15.382254, -0.007453, 0.000000
-13.664171, 15.384197, -0.009930, 0.000000
-13.677732, 15.389644, -0.007935, 0.000000
-13.668824, 15.393165, -0.010225, 0.000000
-13.665648, 15.392274, -0.015702, 0.000000
-13.667353, 15.397068, -0.015374, 0.000000
-13.645386, 15.397706, -0.020543, 0.000000
-13.631526, 15.400363, -0.023583, 0.000000
-13.617227, 15.402521, -0.017517, 0.000000
-13.575929, 15.402854, -0.025179, 0.000000
-13.548561, 15.402950, -0.021004, 0.000000
-13.561464, 15.404954, -0.021504, 0.000000
-13.542134, 15.406870, -0.027079, 0.000000
-13.563629, 15.409207, -0.027324, 0.000000
-13.556931, 15.412037, -0.033062, 0.000000
-13.528541, 15.412395, -0.031671, 0.000000
-13.520332, 15.414769, -0.032413, 0.000000
-13.499425, 15.415732, -0.029977, 0.000000
-13.544242, 15.420762, -0.027310, 0.000000
-13.511309, 15.424435, -0.033859, 0.000000
-13.513626, 15.430323, -0.032385, 0.000000
-13.522002, 15.437349, -0.032416, 0.000000
-13.537582, 15.442459, -0.026988, 0.000000
-13.542926, 15.447755, -0.030867, 0.000000
-13.555202, 15.454853, -0.032427, 0.000000
-13.565476, 15.463540, -0.029322, 0.000000
-13.555876, 15.470936, -0.023431, 0.000000
-13.557704, 15.475020, -0.022449, 0.000000
-13.546794, 15.477756, -0.024739, 0.000000
-13.540992, 15.481001, -0.024639, 0.000000
-13.566254, 15.484576, -0.019390, 0.000000
-13.577054, 15.489865, -0.019180, 0.000000
-13.592973, 15.492057, -0.018047, 0.000000
-13.601746, 15.493972, -0.017475, 0.000000
-13.607231, 15.497659, -0.020581, 0.000000
-13.603461, 15.501065, -0.018759, 0.000000
-13.583180, 15.500970, -0.021167, 0.000000
-13.599239, 15.498807, -0.022651, 0.000000
-13.569391, 15.498200, -0.025689, 0.000000
-13.561744, 15.501952, -0.024341, 0.000000
-13.545690, 15.505116, -0.022722, 0.000000
-13.531309, 15.506614, -0.023832, 0.000000
-13.522300, 15.506162, -0.026739, 0.000000
-13.547070, 15.507499, -0.031491, 0.000000
-13.541378, 15.507900, -0.031243, 0.000000
-13.505643, 15.511914, -0.034816, 0.000000
-13.496125, 15.516279, -0.038344, 0.000000
-13.504277, 15.518809, -0.032721, 0.000000
-13.506259, 15.522809, -0.029401, 0.000000
-13.501901, 15.525732, -0.034331, 0.000000
-13.499439, 15.530070, -0.034594, 0.000000
-13.491765, 15.532201, -0.033652, 0.000000
-13.495712, 15.536679, -0.035725, 0.000000
-13.479974, 15.540863, -0.037078, 0.000000
-13.471818, 15.544232, -0.035270, 0.000000
-13.470979, 15.547540, -0.035358, 0.000000
-13.473832, 15.551378, -0.036094, 0.000000
-13.437609, 15.551652, -0.046774, 0.000000
-13.460673, 15.553468, -0.062720, 0.000000
-13.462263, 15.548308, -0.094203, 0.000000
-13.451188, 15.536487, -0.130965, 0.000000
-13.452232, 15.524063, -0.179682, 0.000000
-13.455558, 15.505200, -0.236822, 0.000000
-13.468892, 15.486722, -0.296130, 0.000000
-13.476870, 15.467109, -0.329497, 0.000000
-13.516718, 15.455115, -0.342918, 0.000000
-13.507328, 15.422929, -0.409277, 0.000000
-13.533745, 15.404234, -0.412785, 0.000000
-13.573772, 15.395584, -0.418827, 0.000000
-13.620823, 15.391598, -0.412957, 0.000000
-13.679091, 15.392723, -0.408545, 0.000000
-13.736011, 15.392707, -0.401376, 0.000000
-13.786049, 15.393428, -0.396343, 0.000000
-13.841866, 15.395977, -0.389318, 0.000000
-13.886396, 15.399802, -0.385760, 0.000000
-13.923908, 15.402153, -0.386598, 0.000000
-13.958496, 15.404211, -0.383475, 0.000000
-13.985724, 15.406691, -0.381195, 0.000000
-14.013078, 15.409880, -0.381893, 0.000000
-14.034394, 15.414912, -0.380731, 0.000000
-14.056750, 15.415252, -0.376040, 0.000000
-14.076336, 15.416913, -0.375061, 0.000000
-14.085700, 15.413664, -0.369424, 0.000000
-14.090709, 15.409319, -0.369791, 0.000000
-14.093643, 15.404931, -0.374153, 0.000000
-14.092469, 15.397023, -0.371146, 0.000000
-14.093653, 15.390497, -0.371584, 0.000000
-14.091137, 15.382441, -0.370653, 0.000000
-14.086190, 15.372762, -0.367638, 0.000000
-14.082417, 15.366205, -0.366941, 0.000000
-14.073000, 15.357369, -0.348611, 0.000000
-14.072097, 15.353213, -0.320022, 0.000000
-14.060261, 15.350030, -0.318412, 0.000000
-14.068435, 15.352067, -0.276017, 0.000000
-14.068197, 15.352378, -0.235871, 0.000000
-14.041509, 15.353900, -0.197988, 0.000000
-14.044656, 15.361823, -0.157188, 0.000000
-14.030010, 15.369068, -0.118861, 0.000000
-14.015703, 15.378961, -0.086804, 0.000000
-14.028442, 15.388604, -0.041254, 0.000000
-13.981966, 15.402307, -0.000049, 0.000000
-13.974147, 15.415878, 0.037757, 0.000000
-13.964303, 15.432717, 0.084157, 0.000000
-13.921453, 15.462401, 0.142138, 0.000000
-13.917252, 15.479444, 0.145816, 0.000000
-13.941059, 15.487587, 0.157421, 0.000000
-13.892085, 15.529185, 0.242533, 0.000000
-13.891216, 15.556903, 0.264178, 0.000000
-13.879721, 15.583454, 0.262497, 0.000000
-13.884896, 15.603398, 0.253301, 0.000000
-13.890492, 15.622654, 0.215447, 0.000000
-13.904138, 15.630743, 0.185383, 0.000000
-13.917286, 15.643034, 0.167939, 0.000000
-13.964075, 15.649298, 0.171956, 0.000000
-14.015318, 15.653982, 0.176019, 0.000000
-14.079610, 15.657630, 0.186076, 0.000000
-14.136763, 15.658580, 0.182843, 0.000000
-14.184218, 15.659268, 0.191266, 0.000000
-14.217320, 15.661285, 0.192657, 0.000000
-14.250356, 15.663756, 0.191331, 0.000000
-14.276476, 15.667454, 0.193937, 0.000000
-14.293000, 15.668446, 0.200825, 0.000000
-14.311725, 15.670837, 0.199214, 0.000000
-14.332030, 15.669167, 0.204617, 0.000000
-14.347432, 15.672617, 0.205226, 0.000000
-14.364971, 15.673683, 0.204093, 0.000000
-14.379058, 15.674475, 0.213841, 0.000000
-14.398653, 15.673189, 0.211148, 0.000000
-14.405985, 15.673544, 0.208547, 0.000000
-14.417214, 15.675112, 0.210421, 0.000000
-14.421563, 15.675627, 0.208172, 0.000000
-14.424043, 15.673919, 0.207174, 0.000000
-14.436153, 15.675413, 0.215300, 0.000000
-14.440331, 15.675012, 0.213953, 0.000000
-14.450078, 15.677628, 0.218427, 0.000000
-14.460252, 15.676592, 0.214306, 0.000000
-14.469996, 15.674185, 0.213284, 0.000000
-14.474911, 15.675432, 0.218311, 0.000000
-14.483510, 15.675811, 0.217881, 0.000000
-14.482504, 15.675823, 0.212405, 0.000000
-14.483661, 15.676005, 0.217975, 0.000000
-14.488040, 15.678613, 0.216870, 0.000000
-14.494018, 15.673381, 0.212863, 0.000000
-14.504707, 15.672275, 0.212331, 0.000000
-14.509014, 15.674504, 0.221684, 0.000000
-14.505523, 15.676597, 0.213019, 0.000000
-14.493558, 15.678220, 0.214291, 0.000000
-14.489178, 15.679208, 0.207997, 0.000000
-14.479752, 15.680487, 0.203235, 0.000000
-14.467750, 15.682378, 0.207037, 0.000000
-14.456665, 15.687065, 0.207463, 0.000000
-14.442163, 15.693583, 0.203468, 0.000000
-14.430391, 15.698703, 0.206338, 0.000000
-14.408937, 15.704842, 0.203970, 0.000000
-14.403030, 15.708338, 0.197189, 0.000000
-14.380364, 15.718217, 0.195896, 0.000000
-14.353815, 15.722025, 0.181567, 0.000000
-14.310801, 15.723553, 0.138259, 0.000000
-14.308933, 15.720078, 0.107970, 0.000000
-14.276680, 15.716268, 0.066027, 0.000000
-14.272274, 15.707042, 0.034103, 0.000000
-14.264156, 15.694692, -0.007387, 0.000000
-14.258846, 15.684755, -0.038602, 0.000000
-14.247066, 15.672113, -0.071132, 0.000000
-14.248118, 15.661653, -0.111366, 0.000000
-14.223314, 15.641979, -0.154289, 0.000000
-14.204561, 15.620613, -0.189922, 0.000000
-14.174605, 15.593468, -0.253925, 0.000000
-14.191200, 15.577417, -0.285086, 0.000000
-14.177127, 15.544498, -0.331542, 0.000000
-14.153586, 15.509337, -0.376051, 0.000000
-14.116151, 15.461829, -0.422631, 0.000000
-14.091143, 15.425816, -0.467312, 0.000000
-14.072279, 15.396685, -0.486175, 0.000000
-14.046239, 15.348013, -0.568124, 0.000000
-14.050809, 15.316080, -0.616232, 0.000000
-14.040258, 15.269954, -0.650877, 0.000000
-14.071166, 15.257901, -0.666070, 0.000000
-14.071418, 15.222454, -0.670922, 0.000000
-14.089921, 15.209052, -0.674442, 0.000000
-14.114170, 15.199956, -0.678090, 0.000000
-14.143671, 15.197544, -0.671855, 0.000000
-14.171963, 15.197255, -0.674107, 0.000000
-14.191696, 15.195994, -0.670916, 0.000000
-14.211172, 15.197888, -0.671245, 0.000000
-14.236397, 15.195956, -0.668921, 0.000000
-14.265402, 15.195630, -0.664562, 0.000000
-14.288776, 15.196977, -0.665482, 0.000000
-14.318408, 15.197032, -0.665911, 0.000000
-14.339213, 15.196402, -0.656737, 0.000000
-14.352965, 15.196195, -0.662467, 0.000000
-14.366518, 15.195812, -0.664302, 0.000000
-14.372461, 15.197804, -0.658650, 0.000000
-14.383731, 15.199748, -0.664899, 0.000000
-14.393418, 15.197204, -0.652945, 0.000000
-14.396352, 15.192103, -0.652713, 0.000000
-14.397595, 15.187201, -0.652334, 0.000000
-14.396245, 15.173560, -0.644236, 0.000000
-14.397438, 15.163797, -0.643138, 0.000000
-14.381342, 15.151752, -0.643026, 0.000000
-14.369183, 15.142538, -0.633468, 0.000000
-14.367683, 15.132448, -0.620271, 0.000000
-14.353822, 15.116989, -0.593091, 0.000000
-14.335881, 15.104639, -0.569318, 0.000000
-14.315629, 15.094341, -0.566901, 0.000000
-14.295244, 15.081599, -0.512479, 0.000000
-14.273892, 15.076512, -0.491705, 0.000000
-14.248763, 15.062202, -0.438971, 0.000000
-14.234415, 15.058269, -0.408591, 0.000000
-14.207386, 15.054638, -0.371396, 0.000000
-14.185660, 15.047900, -0.331342, 0.000000
-14.167352, 15.048772, -0.289087, 0.000000
-14.169512, 15.053852, -0.253691, 0.000000
-14.117801, 15.052440, -0.214496, 0.000000
-14.079991, 15.055819, -0.159908, 0.000000
-14.055470, 15.067730, -0.120684, 0.000000
-14.041506, 15.078739, -0.075350, 0.000000
-14.017565, 15.091561, -0.029678, 0.000000
-14.049784, 15.104228, -0.004267, 0.000000
-13.975717, 15.129179, 0.058982, 0.000000
-13.974283, 15.146062, 0.098087, 0.000000
-13.944641, 15.172137, 0.147366, 0.000000
-13.939083, 15.195531, 0.192959, 0.000000
-13.926265, 15.220755, 0.216159, 0.000000
-13.922321, 15.248205, 0.229099, 0.000000
-13.918663, 15.271177, 0.221702, 0.000000
-13.924023, 15.288405, 0.203736, 0.000000
-13.919595, 15.297103, 0.167777, 0.000000
-13.922846, 15.302496, 0.139053, 0.000000
-13.925420, 15.303919, 0.091313, 0.000000
-13.917282, 15.298816, 0.041287, 0.000000
-13.932137, 15.293316, 0.000561, 0.000000
-13.923924, 15.287470, -0.046953, 0.000000
-13.921008, 15.275889, -0.096160, 0.000000
-13.901991, 15.259277, -0.137733, 0.000000
-13.896100, 15.245080, -0.164341, 0.000000
-13.879153, 15.220662, -0.232760, 0.000000
-13.859338, 15.192574, -0.277421, 0.000000
-13.848455, 15.165510, -0.318790, 0.000000
-13.836444, 15.136943, -0.353328, 0.000000
-13.825146, 15.108598, -0.398329, 0.000000
-13.816409, 15.070424, -0.463729, 0.000000
-13.810207, 15.028881, -0.511200, 0.000000
-13.814663, 14.983535, -0.560585, 0.000000
-13.816145, 14.933813, -0.602689, 0.000000
-13.837122, 14.896496, -0.616466, 0.000000
-13.835574, 14.857071, -0.632708, 0.000000
-13.827512, 14.818494, -0.625027, 0.000000
-13.826917, 14.789240, -0.600293, 0.000000
-13.801689, 14.755518, -0.562477, 0.000000
-13.803889, 14.738293, -0.514035, 0.000000
-13.782639, 14.720883, -0.471151, 0.000000
-13.792395, 14.715657, -0.444625, 0.000000
-13.788498, 14.704969, -0.373346, 0.000000
-13.764096, 14.697746, -0.315353, 0.000000
-13.761679, 14.699594, -0.276397, 0.000000
-13.746473, 14.701946, -0.216651, 0.000000
-13.722501, 14.708170, -0.179439, 0.000000
-13.707128, 14.715074, -0.130927, 0.000000
-13.691998, 14.726512, -0.082850, 0.000000
-13.685249, 14.736669, -0.037278, 0.000000
-13.686650, 14.751589, 0.010318, 0.000000
-13.676255, 14.769722, 0.053707, 0.000000
-13.673326, 14.787884, 0.093370, 0.000000
-13.666322, 14.812804, 0.127613, 0.000000
-13.661643, 14.841495, 0.195662, 0.000000
-13.697023, 14.868921, 0.237708, 0.000000
-13.717452, 14.901687, 0.295185, 0.000000
-13.725325, 14.942904, 0.331851, 0.000000
-13.733200, 14.980819, 0.385628, 0.000000
-13.740338, 15.013278, 0.422924, 0.000000
-13.730254, 15.052522, 0.445987, 0.000000
-13.725783, 15.085152, 0.448312, 0.000000
-13.723002, 15.117312, 0.433602, 0.000000
-13.704059, 15.145461, 0.408318, 0.000000
-13.696428, 15.165263, 0.374645, 0.000000
-13.714951, 15.175817, 0.334140, 0.000000
-13.713944, 15.188205, 0.292582, 0.000000
-13.709613, 15.196104, 0.232592, 0.000000
-13.711043, 15.200575, 0.189153, 0.000000
-13.713798, 15.205177, 0.153755, 0.000000
-13.719104, 15.204715, 0.100283, 0.000000
-13.720469, 15.198567, 0.047028, 0.000000
-13.725089, 15.192280, 0.038701, 0.000000
-13.722228, 15.180530, -0.037144, 0.000000
-13.721903, 15.165287, -0.088388, 0.000000
-13.730841, 15.145041, -0.127776, 0.000000
-13.726560, 15.123181, -0.174915, 0.000000
-13.707858, 15.096911, -0.213839, 0.000000
-13.705556, 15.066358, -0.284743, 0.000000
-13.717413, 15.042525, -0.342398, 0.000000
-13.721763, 15.017874, -0.374437, 0.000000
-13.737132, 15.000691, -0.373613, 0.000000
-13.762374, 14.989870, -0.375654, 0.000000
-13.797852, 14.981865, -0.379681, 0.000000
-13.836296, 14.979225, -0.374081, 0.000000
-13.889044, 14.980267, -0.365230, 0.000000
-13.932265, 14.977957, -0.362673, 0.000000
-13.974653, 14.977261, -0.363666, 0.000000
-14.009217, 14.978595, -0.359258, 0.000000
-14.049907, 14.978987, -0.357054, 0.000000
-14.074592, 14.979611, -0.354498, 0.000000
-14.094681, 14.981810, -0.352549, 0.000000
-14.116825, 14.984407, -0.350836, 0.000000
-14.128853, 14.986257, -0.350852, 0.000000
-14.150735, 14.988147, -0.348505, 0.000000
-14.171572, 14.987989, -0.348294, 0.000000
-14.197299, 14.988553, -0.345304, 0.000000
-14.213942, 14.990737, -0.343089, 0.000000
-14.229672, 14.992829, -0.344071, 0.000000
-14.242636, 14.995229, -0.343017, 0.000000
-14.265441, 14.997327, -0.337338, 0.000000
-14.273869, 14.996540, -0.336491, 0.000000
-14.282546, 14.997140, -0.341299, 0.000000
-14.293753, 14.997740, -0.339363, 0.000000
-14.309312, 14.995951, -0.336228, 0.000000
-14.324776, 14.992188, -0.331749, 0.000000
-14.329309, 14.986978, -0.331923, 0.000000
-14.328331, 14.982033, -0.327058, 0.000000
-14.330456, 14.975471, -0.335608, 0.000000
-14.339019, 14.967094, -0.335991, 0.000000
-14.337903, 14.961395, -0.331353, 0.000000
-14.332720, 14.949742, -0.333735, 0.000000
-14.319933, 14.941133, -0.336506, 0.000000
-14.318314, 14.931818, -0.334528, 0.000000
-14.310368, 14.921603, -0.334077, 0.000000
-14.289001, 14.911136, -0.328321, 0.000000
-14.276993, 14.903972, -0.315906, 0.000000
-14.250879, 14.898918, -0.290253, 0.000000
-14.232756, 14.895361, -0.255232, 0.000000
-14.215147, 14.896998, -0.225229, 0.000000
-14.209466, 14.898755, -0.187882, 0.000000
-14.193412, 14.900050, -0.158323, 0.000000
-14.173522, 14.905637, -0.110105, 0.000000
-14.146499, 14.915998, -0.063282, 0.000000
-14.131057, 14.929230, -0.029488, 0.000000
-14.120870, 14.940764, -0.019308, 0.000000
-14.112288, 14.954946, 0.059746, 0.000000
-14.095216, 14.976158, 0.102162, 0.000000
-14.091369, 14.999177, 0.147839, 0.000000
-14.073488, 15.025373, 0.179912, 0.000000
-14.083212, 15.046174, 0.199022, 0.000000
-14.076843, 15.063499, 0.205351, 0.000000
-14.063799, 15.082499, 0.211771, 0.000000
-14.074935, 15.091241, 0.205870, 0.000000
-14.069373, 15.102787, 0.184470, 0.000000
-14.055566, 15.107958, 0.133917, 0.000000
-14.043244, 15.106949, 0.077221, 0.000000
-14.035267, 15.098292, 0.023495, 0.000000
-14.025539, 15.091962, 0.005925, 0.000000
-14.027961, 15.076918, -0.056746, 0.000000
-14.028971, 15.060247, -0.104116, 0.000000
-14.011664, 15.041209, -0.148988, 0.000000
-14.003459, 15.022550, -0.189783, 0.000000
-13.991440, 15.001651, -0.236291, 0.000000
-13.971181, 14.976836, -0.280105, 0.000000
-13.946194, 14.944891, -0.333333, 0.000000
-13.916835, 14.911930, -0.383153, 0.000000
-13.906058, 14.883485, -0.405903, 0.000000
-13.857825, 14.838052, -0.466994, 0.000000
-13.835683, 14.802445, -0.491533, 0.000000
-13.810858, 14.768041, -0.495363, 0.000000
-13.763927, 14.724126, -0.484511, 0.000000
-13.737509, 14.703996, -0.457001, 0.000000
-13.718157, 14.689933, -0.406642, 0.000000
-13.699790, 14.679783, -0.374783, 0.000000
-13.668583, 14.667868, -0.326646, 0.000000
-13.637064, 14.661068, -0.301237, 0.000000
-13.612690, 14.657019, -0.219901, 0.000000
-13.586644, 14.660697, -0.172516, 0.000000
-13.563989, 14.666065, -0.137201, 0.000000
-13.555642, 14.675586, -0.097147, 0.000000
-13.538528, 14.686902, -0.040064, 0.000000
-13.518318, 14.701719, -0.000725, 0.000000
-13.517934, 14.717398, 0.037125, 0.000000
-13.504836, 14.732700, 0.072532, 0.000000
-13.489169, 14.759930, 0.134091, 0.000000
-13.478201, 14.785566, 0.182344, 0.000000
-13.471920, 14.811564, 0.215193, 0.000000
-13.492218, 14.827983, 0.226245, 0.000000
-13.500868, 14.844477, 0.270680, 0.000000
-13.516346, 14.863278, 0.274138, 0.000000
-13.543161, 14.876852, 0.277631, 0.000000
-13.577529, 14.886370, 0.284995, 0.000000
-13.606086, 14.895174, 0.284122, 0.000000
-13.638006, 14.901637, 0.290735, 0.000000
-13.664335, 14.908749, 0.296174, 0.000000
-13.687032, 14.911820, 0.300140, 0.000000
-13.710425, 14.916166, 0.305733, 0.000000
-13.733834, 14.923271, 0.308116, 0.000000
-13.758352, 14.926605, 0.313093, 0.000000
-13.780438, 14.929924, 0.315078, 0.000000
-13.796808, 14.937564, 0.318284, 0.000000
-13.815698, 14.942031, 0.324182, 0.000000
-13.817226, 14.946815, 0.320088, 0.000000
-13.818562, 14.953958, 0.317260, 0.000000
-13.826311, 14.956641, 0.318021, 0.000000
-13.834387, 14.962388, 0.321775, 0.000000
-13.844471, 14.972162, 0.317960, 0.000000
-13.805253, 14.990788, 0.340786, 0.000000
-13.776239, 15.005863, 0.338703, 0.000000
-13.760204, 15.015669, 0.335428, 0.000000
-13.743851, 15.023751, 0.333458, 0.000000
-13.720349, 15.033250, 0.325193, 0.000000
-13.704157, 15.042218, 0.324966, 0.000000
-13.663824, 15.063428, 0.343731, 0.000000
-13.628703, 15.076942, 0.338858, 0.000000
-13.614632, 15.090777, 0.333420, 0.000000
-13.592688, 15.105896, 0.323873, 0.000000
-13.548926, 15.121648, 0.349509, 0.000000
-13.512065, 15.139990, 0.340181, 0.000000
-13.493320, 15.157937, 0.332106, 0.000000
-13.444849, 15.176582, 0.345737, 0.000000
-13.410854, 15.194332, 0.340380, 0.000000
-13.386700, 15.212027, 0.335057, 0.000000
-13.336103, 15.232064, 0.350557, 0.000000
-13.299973, 15.250627, 0.340825, 0.000000
-13.283427, 15.266906, 0.335667, 0.000000
-13.233547, 15.291384, 0.356089, 0.000000
-13.205835, 15.304610, 0.345277, 0.000000
-13.143281, 15.325730, 0.352795, 0.000000
-13.117028, 15.344652, 0.353971, 0.000000
-13.048925, 15.364246, 0.355988, 0.000000
-13.012276, 15.388316, 0.351996, 0.000000
-12.956405, 15.410381, 0.364234, 0.000000
-12.918691, 15.427641, 0.359119, 0.000000
-12.878520, 15.447880, 0.351653, 0.000000
-12.826922, 15.473128, 0.362226, 0.000000
-12.786830, 15.492485, 0.356411, 0.000000
-12.783276, 15.495643, 0.358642, 0.000000
-12.723323, 15.521330, 0.365291, 0.000000
-12.631839, 15.557944, 0.362485, 0.000000
-12.592963, 15.574636, 0.357128, 0.000000
-12.537983, 15.592500, 0.363481, 0.000000
-12.480203, 15.613951, 0.367066, 0.000000
-12.429071, 15.631830, 0.361672, 0.000000
-12.378710, 15.650565, 0.360687, 0.000000
-12.318296, 15.660152, 0.351562, 0.000000
-12.262328, 15.659167, 0.347748, 0.000000
-12.199772, 15.672442, 0.342763, 0.000000
-12.133730, 15.683120, 0.335994, 0.000000
-12.076862, 15.701357, 0.338063, 0.000000
-12.024583, 15.704738, 0.327282, 0.000000
-11.979610, 15.711022, 0.327595, 0.000000
-11.917591, 15.721793, 0.332642, 0.000000
-11.885765, 15.744212, 0.334723, 0.000000
-11.865465, 15.750087, 0.333722, 0.000000
-11.844498, 15.758348, 0.336345, 0.000000
-11.832065, 15.762824, 0.335107, 0.000000
-11.836901, 15.772589, 0.337559, 0.000000
-11.848418, 15.779635, 0.340335, 0.000000
-11.848882, 15.784286, 0.339635, 0.000000
-11.853238, 15.788372, 0.340526, 0.000000
-11.850613, 15.785940, 0.341550, 0.000000
-11.849228, 15.782830, 0.341958, 0.000000
-11.845903, 15.783047, 0.339131, 0.000000
-11.851766, 15.785097, 0.340295, 0.000000
-11.845653, 15.782899, 0.339890, 0.000000
-11.849281, 15.784444, 0.340114, 0.000000
-11.845492, 15.784594, 0.338033, 0.000000
-11.845931, 15.789293, 0.339475, 0.000000
-11.844269, 15.788842, 0.340048, 0.000000
-11.848644, 15.788172, 0.339593, 0.000000
-11.857338, 15.792854, 0.342066, 0.000000
-11.856349, 15.788237, 0.342184, 0.000000
-11.859916, 15.788003, 0.342920, 0.000000
-11.865101, 15.786768, 0.343466, 0.000000
-11.871303, 15.791903, 0.346923, 0.000000
-11.875911, 15.793519, 0.346968, 0.000000
-11.868383, 15.798963, 0.345866, 0.000000
-11.867302, 15.801821, 0.346545, 0.000000
-11.873240, 15.805114, 0.347224, 0.000000
-11.872047, 15.804995, 0.348515, 0.000000
-11.874179, 15.803170, 0.347668, 0.000000
-11.872082, 15.803110, 0.348716, 0.000000
-11.868072, 15.796362, 0.346326, 0.000000
-11.857095, 15.795788, 0.346469, 0.000000
-11.852146, 15.797542, 0.343554, 0.000000
-11.853485, 15.795474, 0.343006, 0.000000
-11.858947, 15.795817, 0.345018, 0.000000
-11.862697, 15.797174, 0.347015, 0.000000
-11.866446, 15.793635, 0.344368, 0.000000
-11.870452, 15.793150, 0.345910, 0.000000
-11.870284, 15.795124, 0.344392, 0.000000
-11.868713, 15.791382, 0.345255, 0.000000
-11.862428, 15.792741, 0.344025, 0.000000
-11.863325, 15.791764, 0.344909, 0.000000
-11.858982, 15.785346, 0.342149, 0.000000
-11.855670, 15.780690, 0.341439, 0.000000
-11.847406, 15.780081, 0.340222, 0.000000
-11.842543, 15.774484, 0.340244, 0.000000
-11.844267, 15.774007, 0.340030, 0.000000
-11.847735, 15.777002, 0.339373, 0.000000
-11.858205, 15.781044, 0.341004, 0.000000
-11.857805, 15.779924, 0.342319, 0.000000
-11.855767, 15.781997, 0.341140, 0.000000
-11.859674, 15.786000, 0.343280, 0.000000
-11.862833, 15.792966, 0.344174, 0.000000
-11.858670, 15.792472, 0.343512, 0.000000
-11.857657, 15.790949, 0.344088, 0.000000
-11.872899, 15.796653, 0.346243, 0.000000
-11.875427, 15.796967, 0.347296, 0.000000
-11.869598, 15.801155, 0.348383, 0.000000
-11.875299, 15.801462, 0.348306, 0.000000
-11.871068, 15.794474, 0.345895, 0.000000
-11.870735, 15.798380, 0.347055, 0.000000
-11.871703, 15.799114, 0.347253, 0.000000
-11.875972, 15.798398, 0.348304, 0.000000
-11.871541, 15.799818, 0.347372, 0.000000
-11.871064, 15.796879, 0.346991, 0.000000
-11.877473, 15.799785, 0.347955, 0.000000
-11.873897, 15.800902, 0.346989, 0.000000
-11.867811, 15.797349, 0.344554, 0.000000
-11.865668, 15.796719, 0.344821, 0.000000
-11.865279, 15.791656, 0.342880, 0.000000
-11.863905, 15.792693, 0.345343, 0.000000
-11.866318, 15.790602, 0.344362, 0.000000
-11.863532, 15.790910, 0.344905, 0.000000
-11.855949, 15.791180, 0.341637, 0.000000
-11.859417, 15.791121, 0.343270, 0.000000
-11.863664, 15.793835, 0.344985, 0.000000
-11.865236, 15.793710, 0.346020, 0.000000
-11.864650, 15.794592, 0.345261, 0.000000
-11.867135, 15.792989, 0.345881, 0.000000
-11.873021, 15.798819, 0.346379, 0.000000
-11.870701, 15.797542, 0.346584, 0.000000
-11.872189, 15.797096, 0.346821, 0.000000
-11.872390, 15.798009, 0.346356, 0.000000
-11.867832, 15.800971, 0.344891, 0.000000
-11.867849, 15.797139, 0.345230, 0.000000
-11.868229, 15.796740, 0.348092, 0.000000
-11.864791, 15.792980, 0.346010, 0.000000
-11.868720, 15.795756, 0.343694, 0.000000
-11.870038, 15.800528, 0.347805, 0.000000
-11.871606, 15.802173, 0.346643, 0.000000
-11.871115, 15.809821, 0.347111, 0.000000
-11.870767, 15.806636, 0.348295, 0.000000
-11.865169, 15.805541, 0.345916, 0.000000
-11.866692, 15.801297, 0.346809, 0.000000
-11.865959, 15.794189, 0.345331, 0.000000
-11.864634, 15.790268, 0.344093, 0.000000
-11.862108, 15.787323, 0.342260, 0.000000
-11.864446, 15.789655, 0.345080, 0.000000
-11.861468, 15.790886, 0.344329, 0.000000
-11.864842, 15.792868, 0.345439, 0.000000
-11.867646, 15.795223, 0.346842, 0.000000
-11.866871, 15.796258, 0.345161, 0.000000
-11.864610, 15.792703, 0.345996, 0.000000
-11.864256, 15.791846, 0.344459, 0.000000
-11.864065, 15.794684, 0.346876, 0.000000
-11.861642, 15.793277, 0.344407, 0.000000
-11.864944, 15.798405, 0.342643, 0.000000
